"","sector","region","tot_emissions_CO2eqv","tot_emissions_CO2eqv_per_ha","tot_CO2eqv_per_kg_wm_produced"
"1","beef","Varsinais-Suomen ELY-keskus",74649390.2426889,4219.65719344697,17.4836915203271
"2","beef","Uudenmaan ELY-keskus",22803509.0890391,2747.25206621879,18.7842625974545
"3","beef","Satakunnan ELY-keskus",57270697.8707574,4544.1998633458,17.0031294719523
"4","beef","Pohjois-Savon ELY-keskus",125186025.664142,4619.43160026228,15.9714261858849
"5","beef","Pohjois-Pohjanmaan ELY-keskus",150526095.260968,4124.5150559827,16.5950419842258
"6","beef","Pohjois-Karjalan ELY-keskus",64465565.7706741,3841.56674000341,17.5347442394022
"7","beef","Pohjanmaan ELY-keskus",116151741.38306,5657.33476474679,15.8988152293997
"8","beef","Pirkanmaan ELY-keskus",68435228.4638836,3341.42368581369,19.8712260512935
"9","beef","Lapin ELY-keskus",30579861.3091775,4116.77550671402,17.0719780380341
"10","beef","Koko maa",1079944391.54985,4158.06603194725,16.9100728883083
"11","beef","Keski-Suomen ELY-keskus",63750653.9008227,3978.24128114883,17.7399760925432
"12","beef","Kainuun ELY-keskus",10226709.2195697,3031.55883402531,17.7007622870146
"13","beef","Kaakkois-Suomen ELY-keskus",29707535.162609,3132.56244922113,18.0471853100759
"14","beef","Hämeen ELY-keskus",45944848.0912997,3268.51132048973,19.0066860891752
"15","beef","Etelä-Savon ELY-keskus",54529273.7953923,4438.55458823522,16.9378196540366
"16","beef","Etelä-Pohjanmaan ELY-keskus",152026762.060566,5239.49416204418,15.7998955696871
"17","beef","Ahvenanmaan valtionvirasto",15440147.3088727,3826.6255494575,19.0627589670943
"18","dairy","Varsinais-Suomen ELY-keskus",62497336.2423932,5034.12364998326,0.730373334724048
"19","dairy","Uudenmaan ELY-keskus",53553639.6528693,4481.11613233324,0.731976824196502
"20","dairy","Satakunnan ELY-keskus",44697361.2771395,4825.1051197862,0.736892864731765
"21","dairy","Pohjois-Savon ELY-keskus",263505842.993394,4777.27241730052,0.739466414631464
"22","dairy","Pohjois-Pohjanmaan ELY-keskus",316125558.871525,4395.27588271061,0.743067489905411
"23","dairy","Pohjois-Karjalan ELY-keskus",93790431.725994,3984.87935485929,0.750335440298505
"24","dairy","Pohjanmaan ELY-keskus",226833593.949216,5002.34409242328,0.734700224743166
"25","dairy","Pirkanmaan ELY-keskus",109251408.593101,5250.30076954244,0.73270713978944
"26","dairy","Lapin ELY-keskus",65322077.3094157,4259.65858014259,0.745104587581771
"27","dairy","Koko maa",1877309562.51036,4644.27713086604,0.739894251080063
"28","dairy","Keski-Suomen ELY-keskus",75749147.0989393,4120.61079829447,0.744223366745185
"29","dairy","Kainuun ELY-keskus",51911817.3792881,4658.91052793347,0.740975667054126
"30","dairy","Kaakkois-Suomen ELY-keskus",71377399.8145383,4547.29279150357,0.738713858874315
"31","dairy","Hämeen ELY-keskus",95877445.5712022,4763.82208882381,0.735935044849031
"32","dairy","Etelä-Savon ELY-keskus",78386314.2961674,4200.97423325091,0.741654871364509
"33","dairy","Etelä-Pohjanmaan ELY-keskus",253373666.597259,4940.99666393965,0.737086833029535
"34","dairy","Ahvenanmaan valtionvirasto",12465040.3824152,7424.52819251605,0.716487245723505
"35","eggs","Varsinais-Suomen ELY-keskus",5388261.20959705,790.205506473571,0.102733188776634
"36","eggs","Satakunnan ELY-keskus",775149.641387993,1820.41201800802,0.0863125923451068
"37","eggs","Pohjois-Savon ELY-keskus",62199.0114682097,Inf,0.0753605521879989
"38","eggs","Pohjois-Pohjanmaan ELY-keskus",18587.8340532733,Inf,0.0753605521879989
"39","eggs","Pohjois-Karjalan ELY-keskus",24736.1634087108,Inf,0.0753605521879989
"40","eggs","Pohjanmaan ELY-keskus",732017.45925526,532.973264059572,0.119376539997081
"41","eggs","Pirkanmaan ELY-keskus",159347.033145553,731.654498119991,0.104600267724714
"42","eggs","Koko maa",8439263.86847663,720.945363846616,0.104805803074391
"43","eggs","Keski-Suomen ELY-keskus",144117.285477349,366.56141387056,0.13070103872476
"44","eggs","Kainuun ELY-keskus",0,NA,NA
"45","eggs","Kaakkois-Suomen ELY-keskus",24222.8106430704,Inf,0.0753605521879989
"46","eggs","Hämeen ELY-keskus",366560.75343559,500.178415298406,0.139427613230002
"47","eggs","Etelä-Savon ELY-keskus",240667.682170895,523.088270057803,0.095536389042523
"48","eggs","Etelä-Pohjanmaan ELY-keskus",168511.907733884,2375.74943936112,0.0797415189616738
"49","eggs","Ahvenanmaan valtionvirasto",0,NA,NA
"50","plant_production","Varsinais-Suomen ELY-keskus",0,0,NA
"51","plant_production","Uudenmaan ELY-keskus",0,0,NA
"52","plant_production","Satakunnan ELY-keskus",0,0,NA
"53","plant_production","Pohjois-Savon ELY-keskus",0,0,NA
"54","plant_production","Pohjois-Pohjanmaan ELY-keskus",0,0,NA
"55","plant_production","Pohjois-Karjalan ELY-keskus",0,0,NA
"56","plant_production","Pohjanmaan ELY-keskus",0,0,NA
"57","plant_production","Pirkanmaan ELY-keskus",0,0,NA
"58","plant_production","Lapin ELY-keskus",0,0,NA
"59","plant_production","Koko maa",0,0,NA
"60","plant_production","Keski-Suomen ELY-keskus",0,0,NA
"61","plant_production","Kainuun ELY-keskus",0,0,NA
"62","plant_production","Kaakkois-Suomen ELY-keskus",0,0,NA
"63","plant_production","Hämeen ELY-keskus",0,0,NA
"64","plant_production","Etelä-Savon ELY-keskus",0,0,NA
"65","plant_production","Etelä-Pohjanmaan ELY-keskus",0,0,NA
"66","plant_production","Ahvenanmaan valtionvirasto",0,0,NA
"67","pork","Varsinais-Suomen ELY-keskus",47034109.2190786,1815.72700422946,1.31063886389602
"68","pork","Uudenmaan ELY-keskus",6381992.07136467,1704.46869238834,1.30240104422139
"69","pork","Satakunnan ELY-keskus",20328830.5009435,2027.31044955757,1.29528076404737
"70","pork","Pohjois-Savon ELY-keskus",3277228.55304394,1653.63461679149,1.32343950128165
"71","pork","Pohjois-Pohjanmaan ELY-keskus",13804765.685724,2407.55955394376,1.2672625384276
"72","pork","Pohjois-Karjalan ELY-keskus",1053198.41189909,1692.48584504558,1.30562059915696
"73","pork","Pohjanmaan ELY-keskus",39746983.5968207,3913.94107676689,1.21682165140912
"74","pork","Pirkanmaan ELY-keskus",15725715.7540913,2449.46910190283,1.2624782131905
"75","pork","Lapin ELY-keskus",0,NA,NA
"76","pork","Koko maa",220455146.862479,2203.3621227379,1.27818703247033
"77","pork","Keski-Suomen ELY-keskus",555122.337706993,1011.28707311856,1.45884938963854
"78","pork","Kainuun ELY-keskus",4144.15887531689,177.45,Inf
"79","pork","Kaakkois-Suomen ELY-keskus",3115338.74929992,1628.0256674808,1.30992676005983
"80","pork","Hämeen ELY-keskus",12859301.0552746,1336.75370537633,1.37963271430919
"81","pork","Etelä-Savon ELY-keskus",573296.875829438,1660.89909397193,1.31534917205875
"82","pork","Etelä-Pohjanmaan ELY-keskus",55327289.091933,2778.81239989785,1.25415596722469
"83","pork","Ahvenanmaan valtionvirasto",179115.842950435,230.171303489728,Inf
"84","poultry","Varsinais-Suomen ELY-keskus",12130843.5824408,2489.317728628,0.405017549721221
"85","poultry","Satakunnan ELY-keskus",19119629.6497902,3663.57842926593,0.396151892755281
"86","poultry","Pohjois-Savon ELY-keskus",0,NA,NA
"87","poultry","Pohjanmaan ELY-keskus",840483.351489985,1373.98988326165,0.448287588568784
"88","poultry","Pirkanmaan ELY-keskus",5276334.46154661,3207.53715032803,0.396757818955178
"89","poultry","Koko maa",58639614.4514547,2809.90711774924,0.401360529447652
"90","poultry","Hämeen ELY-keskus",42137.1405,162.754501738123,Inf
"91","poultry","Etelä-Savon ELY-keskus",31178.784,219.383506895581,Inf
"92","poultry","Etelä-Pohjanmaan ELY-keskus",20497168.408697,2699.63864739917,0.403178562127819
"93","sheep","Varsinais-Suomen ELY-keskus",7544264.12594273,3042.14011981948,20.2138242443331
"94","sheep","Uudenmaan ELY-keskus",2186999.636821,3532.83197935709,19.7854059928078
"95","sheep","Satakunnan ELY-keskus",1265280.32875979,7382.89373765776,19.0732359848019
"96","sheep","Pohjois-Savon ELY-keskus",1744233.86979924,2465.90588655984,20.9053019691884
"97","sheep","Pohjois-Pohjanmaan ELY-keskus",4118166.85969398,2451.84438128504,20.9780898368583
"98","sheep","Pohjois-Karjalan ELY-keskus",1002361.66080292,2063.83145446161,21.5209906561945
"99","sheep","Pohjanmaan ELY-keskus",5300849.94775584,2608.59613485551,20.676319065408
"100","sheep","Pirkanmaan ELY-keskus",3896783.0999262,2614.08012391993,20.7473237812928
"101","sheep","Lapin ELY-keskus",4428223.12911204,2351.94744454349,20.611725605623
"102","sheep","Koko maa",46903681.4604321,2832.53606582757,20.526299153863
"103","sheep","Keski-Suomen ELY-keskus",2847865.92983393,3442.48664865634,19.9655489020109
"104","sheep","Kainuun ELY-keskus",1011015.23023198,2909.06148999246,20.3792628549079
"105","sheep","Kaakkois-Suomen ELY-keskus",1397993.82676367,2344.05403548569,21.0347997587106
"106","sheep","Hämeen ELY-keskus",3146149.93370542,4373.29709995193,19.700992101853
"107","sheep","Etelä-Savon ELY-keskus",1974354.38366793,2411.80814500981,20.75645903772
"108","sheep","Etelä-Pohjanmaan ELY-keskus",2259515.44619962,3581.18909278159,20.179470096718
"109","sheep","Ahvenanmaan valtionvirasto",2422947.23091587,4175.40752195604,19.5230505202436
