"","sector","region","cult_area","no_of_real_animals","food_prod_kg_dm_per_region","food_prod_kg_dm_per_ha","animal_density","CH4_manure_manag_CO2eqv_per_year","N2O_emissions_CO2eqv_per_year","N_input_in_fert_region","P_input_in_fert_region","cult_area_ha_sum","N_input_in_fert_region_per_ha","P_input_in_fert_region_per_ha","CO2eqv_emissions_from_ferti","CO2eqv_emissions_from_ferti_per_ha","EF_CO2eqv_per_year","tot_emissions_CO2eqv","tot_emissions_CO2eqv_per_ha","tot_CO2eqv_per_kg_dm_produced"
"1","beef","Varsinais-Suomen ELY-keskus",17690.8660633896,12228.4484043295,1784717.20832902,100.883540802019,0.691229494390646,2998239.41205491,8135906.3283662,2129238.18533828,36431.25,17690.8660633896,120.358052438407,2.05932540947742,5812820.24597352,328.577483156851,57702424.2562943,74649390.2426889,4219.65719344697,41.8270132065241
"2","beef","Uudenmaan ELY-keskus",8300.47936606885,3481.84245471047,507438.966516045,61.1336941081237,0.419474864179981,833314.975861835,2082378.83180758,962570.809493248,18993.24,8300.47936606885,115.965689093584,2.28821001322425,2627818.30991657,316.586331225484,17259996.9714531,22803509.0890391,2747.25206621879,44.9384272666376
"3","beef","Satakunnan ELY-keskus",12603.0323473911,9637.5037347779,1407926.21437516,111.71329054524,0.764697214855036,2400788.80358862,6621406.1797112,1579525.15621669,25132.38,12603.0323473911,125.328977398337,1.99415341540423,4312103.67647156,342.14810829746,43936399.210986,57270697.8707574,4544.1998633458,40.6773432343357
"4","beef","Pohjois-Savon ELY-keskus",27099.87645602,22409.6927604997,3276336.00898192,120.898558866091,0.826929701944143,5653565.87435991,10583063.4222663,3546629.39148349,61456.65,27099.87645602,130.872529889177,2.26778340114344,9682298.23874993,357.282006597454,99267098.1287661,125186025.664142,4619.43160026228,38.2091535547485
"5","beef","Pohjois-Pohjanmaan ELY-keskus",36495.4650953758,25953.4740600245,3791488.31795017,103.889299890867,0.711142438990673,6464971.89614401,12794371.393464,4738620.61603168,81028.17,36495.4650953758,129.84135436137,2.22022571265345,12936434.2817665,354.466897406539,118330317.689594,150526095.260968,4124.5150559827,39.7010573785306
"6","beef","Pohjois-Karjalan ELY-keskus",16781.0609924785,10529.9914195762,1536755.03470363,91.5767504445887,0.627492589669737,2579681.75685328,6045250.3955668,2222108.02182978,39830.1,16781.0609924785,132.417611903428,2.3735150010987,6066354.89959531,361.50008049636,49774278.7186587,64465565.7706741,3841.56674000341,41.9491488980914
"7","beef","Pohjanmaan ELY-keskus",20531.1769964276,20893.1099439491,3053776.47312606,148.738500167692,1.01762845586419,5247678.56275372,10239922.9427532,2625173.78191726,43551.93,20531.1769964276,127.862800187931,2.1212583188766,7166724.42463413,349.06544451305,93497415.4529186,116151741.38306,5657.33476474679,38.0354431325351
"8","beef","Pirkanmaan ELY-keskus",20480.8593278462,9893.85703243703,1439565.19965416,70.2883202609033,0.483078218255478,2302139.06323349,7099530.68587266,2677369.90744822,45115.92,20480.8593278462,130.725467354195,2.20283335175588,7309219.84733363,356.880525876953,51724338.8674438,68435228.4638836,3341.42368581369,47.5388183045299
"9","beef","Lapin ELY-keskus",7428.11,5129.3257103937,748734.680817812,100.797468106667,0.690529045799497,1260992.86951853,2684594.85830815,940367.7,21197.34,7428.11,126.595823163631,2.85366533344283,2567203.821,345.606597236713,24067069.7603508,30579861.3091775,4116.77550671402,40.8420527225697
"10","beef","Koko maa",259722.761315578,182806.575763842,26695139.5567283,102.783211688914,0.70385273449993,45237965.9958377,96785678.6140774,33799394.333025,571249.71,259722.761315578,130.136435335202,2.1994595587481,92272346.5291581,355.272468465102,845648400.410777,1079944391.54985,4158.06603194725,40.4547198284888
"11","beef","Keski-Suomen ELY-keskus",16024.8334365514,10297.1551582876,1502131.29891111,93.7377168292348,0.642574863511568,2504647.0772859,6342864.14610515,2013391.67168612,38176.68,16024.8334365514,125.64197185936,2.38234488683808,5496559.26370312,343.002583176054,49406583.4137285,63750653.9008227,3978.24128114883,42.4401341926871
"12","beef","Kainuun ELY-keskus",3373.41604747638,1654.74561600128,241501.715263198,71.5896621894188,0.490525210265477,405578.664273957,789548.7930047,445999.743085965,9222.6,3373.41604747638,132.210120782348,2.73390529665007,1217579.29862468,360.933629735811,7814002.46366641,10226709.2195697,3031.55883402531,42.3463212608005
"13","beef","Kaakkois-Suomen ELY-keskus",9483.46142947459,4717.00164163825,688071.268988279,72.5548655525454,0.497392400097481,1146318.60271131,2572135.9828541,1214132.04579241,20612.46,9483.46142947459,128.026254424243,2.17351651116928,3314580.48501328,349.511674578183,22674500.0920303,29707535.162609,3132.56244922113,43.1750844738658
"14","beef","Hämeen ELY-keskus",14056.8116754804,6936.18940494132,1010431.08788444,71.8819538321735,0.493439733352926,1647753.6294011,4377315.26607471,1844417.49048389,31101.99,14056.8116754804,131.211652618293,2.2125920669658,5035259.74902103,358.20781164794,34884519.4468029,45944848.0912997,3268.51132048973,45.4705408831943
"15","beef","Etelä-Savon ELY-keskus",12285.3673896288,9217.28860188708,1345700.74023914,109.536874035624,0.750265605379309,2272703.64002924,5201651.82512807,1494829.85385176,27724.26,12285.3673896288,121.675633006603,2.25668953322508,4080885.50101531,332.174478108026,42974032.8292197,54529273.7953923,4438.55458823522,40.5210996508052
"16","beef","Etelä-Pohjanmaan ELY-keskus",29015.5418364382,27501.7865774857,4022000.41519485,138.615381986214,0.947829502289303,6971528.84668468,13992025.9615872,3881694.36112193,58730.46,29015.5418364382,133.779833683727,2.02410350739152,10597025.6058629,365.218945956575,120466181.646432,152026762.060566,5239.49416204418,37.7987932289165
"17","beef","Ahvenanmaan valtionvirasto",4034.92505585283,2325.16324290316,338564.925793244,83.9086032842522,0.576259338331555,548062.321083195,1687238.38780825,489232.651117057,9982.41,4034.92505585283,121.249501377331,2.47400134124427,1335605.13754956,331.011138760115,11869241.4624316,15440147.3088727,3826.6255494575,45.604686524149
"18","dairy","Varsinais-Suomen ELY-keskus",12414.74,7663,10777475.3889,868.119299228176,0.617250139753229,7264071.49107001,4756734.97128517,1402572.45,22315.62,12414.74,112.976385329052,1.79751005659402,3829022.7885,308.425531948313,46647506.991538,62497336.2423932,5034.12364998326,5.79888461696334
"19","dairy","Uudenmaan ELY-keskus",11950.96,6552,9214931.3256,771.062017243803,0.548240476078909,6210909.09689296,4067092.20042548,1242197.1,20482.2,11950.96,103.94119802928,1.71385394980822,3391198.083,283.759470619933,39884440.2725508,53553639.6528693,4481.11613233324,5.81161570939676
"20","dairy","Satakunnan ELY-keskus",9263.5,5432,7639729.3896,824.713055497382,0.586387434554974,5149215.23417621,3371862.76445531,1139082.8,17895.54,9263.5,122.964624601932,1.93183354023857,3109696.044,335.693425163275,33066587.234508,44697361.2771395,4825.1051197862,5.85064718888947
"21","dairy","Pohjois-Savon ELY-keskus",55158.22,31912,44882003.7336,813.695651048928,0.578553840207316,30250691.5598364,19809073.0006071,7027826.3,117463.74,55158.22,127.412130050607,2.12957814809833,19185965.799,347.835115038158,194260112.63395,263505842.993394,4777.27241730052,5.87108018967802
"22","dairy","Pohjois-Pohjanmaan ELY-keskus",71923.94,38099,53583587.9997,745.003513429604,0.52971236002922,36115602.2103975,23649594.8937745,8951537.9,143490.03,71923.94,124.458391739941,1.99502460515928,24437698.467,339.771409450039,231922663.300353,316125558.871525,4395.27588271061,5.89967134849751
"23","dairy","Pohjois-Karjalan ELY-keskus",23536.58,11194,15743580.7782,668.898403174973,0.475600108426968,10611250.9814743,6948569.91629469,2962858.85,50380.47,23536.58,125.883150823102,2.14051786623205,8088604.6605,343.661001747068,68142006.167725,93790431.725994,3984.87935485929,5.95737609171255
"24","dairy","Pohjanmaan ELY-keskus",45345.46,27649,38886391.3647,857.558647871253,0.60974130596536,26209619.2948708,17162855.9599457,5549985.05,87895.08,45345.46,122.39340057417,1.93834355192339,15151459.1865,334.133983567484,168309659.5079,226833593.949216,5002.34409242328,5.83323846694423
"25","dairy","Pirkanmaan ELY-keskus",20808.6,13353,18780063.7959,902.514527450189,0.641705833165134,12657855.4900506,8288748.80224076,2571490.45,40012.08,20808.6,123.578253702796,1.92286266255298,7020168.9285,337.368632608633,81284635.3723094,109251408.593101,5250.30076954244,5.81741413556604
"26","dairy","Lapin ELY-keskus",15335.05,7851,11041884.2853,720.042274743154,0.511964421374563,7442284.38945461,4873434.19803731,1910046.3,42368.91,15335.05,124.554292291189,2.7628804601224,5214426.399,340.033217954946,47791932.3229238,65322077.3094157,4259.65858014259,5.91584512404089
"27","dairy","Koko maa",404219.97,227221,319570499.1963,790.58562889978,0.562122153440366,215392090.339608,141045292.563016,50437420.2,806792.7,404219.97,124.777160811723,1.99592489208289,137694157.146,340.641649016005,1383178022.46173,1877309562.51036,4644.27713086604,5.87447704726085
"28","dairy","Keski-Suomen ELY-keskus",18382.99,9115,12819612.1845,697.362735033855,0.495838816209985,8640481.74880636,5658050.27577507,2184706.45,38032.23,18382.99,118.843912225378,2.06888161283883,5964248.6085,324.443880375282,55486366.4658579,75749147.0989393,4120.61079829447,5.90884856801881
"29","dairy","Kainuun ELY-keskus",11142.48,6274,8823943.7022,791.919186949405,0.56307033981663,5947381.51311148,3894526.3225686,1420424.1,28153.29,11142.48,127.478272341525,2.52666282551102,3877757.793,348.015683492364,38192151.750608,51911817.3792881,4658.91052793347,5.88306307601956
"30","dairy","Kaakkois-Suomen ELY-keskus",15696.68,8653,12169841.3859,775.313084416577,0.551263069642753,8202533.0304357,5371268.13343737,1878973.1,28776.57,15696.68,119.705128727858,1.83329022442962,5129596.563,326.795001427053,52674002.0876652,71377399.8145383,4547.29279150357,5.86510518512067
"31","dairy","Hämeen ELY-keskus",20126.16,11667,16408822.3101,815.298214368762,0.579693294697051,11059627.0502824,7242180.20487852,2400844.95,34351.29,20126.16,119.289767645691,1.70679801810181,6554306.7135,325.661065672736,71021331.6025413,95877445.5712022,4763.82208882381,5.84304246577083
"32","dairy","Etelä-Savon ELY-keskus",18659.08,9465,13311862.7895,713.425463072134,0.50725973627853,8972261.08090534,5875309.47451575,2169156.85,37178.01,18659.08,116.252079416563,1.99248891156477,5921798.2005,317.368176807217,57616945.5402463,78386314.2961674,4200.97423325091,5.88845569817593
"33","dairy","Etelä-Pohjanmaan ELY-keskus",51279.87,30784,43295550.3552,844.299144190498,0.600313534336183,29181414.1695288,19108877.6400943,6479785.4,93485.85,51279.87,126.36119007322,1.82305161850059,17689814.142,344.96604889989,187393560.645636,253373666.597259,4940.99666393965,5.85218722290309
"34","dairy","Ahvenanmaan valtionvirasto",1678.9,1558,2191218.4074,1305.15123437965,0.927988563940676,1476891.9983149,967113.80467993,196671.8,3879.36,1678.9,117.143248555602,2.31065578652689,536914.014,319.801068556793,9484120.56542036,12465040.3824152,7424.52819251605,5.68863438729763
"35","eggs","Varsinais-Suomen ELY-keskus",6818.81,2656349,12587779.136448,1846.0375250884,389.561961691263,1445053.856,2507537.75459705,525886.3,0,6818.81,77.1228850781881,0,1435669.599,210.545476263454,NA,5388261.20959705,790.205506473571,0.428054953235977
"36","eggs","Satakunnan ELY-keskus",425.81,454840,2155373.95968,5061.8209052864,1068.17594701862,247432.96,429359.422387993,36028.3,0,425.81,84.6112115732369,0,98357.259,230.988607594937,NA,775149.641387993,1820.41201800802,0.359635801437945
"37","eggs","Pohjois-Savon ELY-keskus",0,41801,198084.572352,Inf,Inf,22739.744,39459.2674682097,0,0,0,NA,NA,0,NA,NA,62199.0114682097,Inf,0.314002300783329
"38","eggs","Pohjois-Pohjanmaan ELY-keskus",0,12492,59196.489984,Inf,Inf,6795.648,11792.1860532733,0,0,0,NA,NA,0,NA,NA,18587.8340532733,Inf,0.314002300783329
"39","eggs","Pohjois-Karjalan ELY-keskus",0,16624,78777.013248,Inf,Inf,9043.456,15692.7074087108,0,0,0,NA,NA,0,NA,NA,24736.1634087108,Inf,0.314002300783329
"40","eggs","Pohjanmaan ELY-keskus",1373.46,310563,1471681.037376,1071.51357693417,226.11725132148,168946.272,293164.95975526,98866.75,0,1373.46,71.9837126672783,0,269906.2275,196.51553558167,NA,732017.45925526,532.973264059572,0.497402249987839
"41","eggs","Pirkanmaan ELY-keskus",217.79,77154,365613.671808,1678.74407368566,354.258689563341,41971.776,72831.7581455528,16316.3,0,217.79,74.9175811561596,0,44543.499,204.524996556316,NA,159347.033145553,731.654498119991,0.435834448852977
"42","eggs","Koko maa",11705.83,4078181,19325488.370112,1650.92850059432,348.388879729161,2218530.464,3849717.34797663,868504.05,0,11705.83,74.1941451396441,0,2371016.0565,202.550016231228,NA,8439263.86847663,720.945363846616,0.436690846143296
"43","eggs","Keski-Suomen ELY-keskus",393.16,55845,264635.60544,673.099006613084,142.041408078136,30379.68,52716.5089773492,22352.05,0,393.16,56.8522993183437,0,61021.0965,155.206777139078,NA,144117.285477349,366.56141387056,0.544587661353167
"44","eggs","Kainuun ELY-keskus",0,0,0,NA,NA,0,0,0,0,0,NA,NA,0,NA,NA,0,NA,NA
"45","eggs","Kaakkois-Suomen ELY-keskus",0,16279,77142.143808,Inf,Inf,8855.776,15367.0346430704,0,0,0,NA,NA,0,NA,NA,24222.8106430704,Inf,0.314002300783329
"46","eggs","Hämeen ELY-keskus",732.86,133151,630969.567552,860.968762863302,181.686816035805,72434.144,125691.75193559,61697.75,0,732.86,84.1876347460634,0,168434.8575,229.832242856753,NA,366560.75343559,500.178415298406,0.58094838845834
"47","eggs","Etelä-Savon ELY-keskus",460.09,127584,604588.935168,1314.06667210328,277.302266947771,69405.696,120436.620670895,18617.35,0,460.09,40.4645830163664,0,50825.3655,110.46831163468,NA,240667.682170895,523.088270057803,0.398068287677179
"48","eggs","Etelä-Pohjanmaan ELY-keskus",70.93,107027,507174.410304,7150.3511956013,1508.91019314817,58222.688,101031.243733884,3391.2,0,70.93,47.8105174115325,0,9257.976,130.522712533484,NA,168511.907733884,2375.74943936112,0.332256329006974
"49","eggs","Ahvenanmaan valtionvirasto",0,0,0,NA,NA,0,0,0,0,0,NA,NA,0,NA,NA,0,NA,NA
"50","plant_production","Varsinais-Suomen ELY-keskus",161791.49,NA,NA,NA,NA,NA,NA,NA,NA,NA,NA,NA,NA,NA,NA,0,0,NA
"51","plant_production","Uudenmaan ELY-keskus",116644.49,NA,NA,NA,NA,NA,NA,NA,NA,NA,NA,NA,NA,NA,NA,0,0,NA
"52","plant_production","Satakunnan ELY-keskus",69629.13,NA,NA,NA,NA,NA,NA,NA,NA,NA,NA,NA,NA,NA,NA,0,0,NA
"53","plant_production","Pohjois-Savon ELY-keskus",47480.46,NA,NA,NA,NA,NA,NA,NA,NA,NA,NA,NA,NA,NA,NA,0,0,NA
"54","plant_production","Pohjois-Pohjanmaan ELY-keskus",87988.97,NA,NA,NA,NA,NA,NA,NA,NA,NA,NA,NA,NA,NA,NA,0,0,NA
"55","plant_production","Pohjois-Karjalan ELY-keskus",30385.21,NA,NA,NA,NA,NA,NA,NA,NA,NA,NA,NA,NA,NA,NA,0,0,NA
"56","plant_production","Pohjanmaan ELY-keskus",77977.15,NA,NA,NA,NA,NA,NA,NA,NA,NA,NA,NA,NA,NA,NA,0,0,NA
"57","plant_production","Pirkanmaan ELY-keskus",91942.93,NA,NA,NA,NA,NA,NA,NA,NA,NA,NA,NA,NA,NA,NA,0,0,NA
"58","plant_production","Lapin ELY-keskus",13923.99,NA,NA,NA,NA,NA,NA,NA,NA,NA,NA,NA,NA,NA,NA,0,0,NA
"59","plant_production","Koko maa",1076155.22,NA,NA,NA,NA,NA,NA,NA,NA,NA,NA,NA,NA,NA,NA,0,0,NA
"60","plant_production","Keski-Suomen ELY-keskus",38970.19,NA,NA,NA,NA,NA,NA,NA,NA,NA,NA,NA,NA,NA,NA,0,0,NA
"61","plant_production","Kainuun ELY-keskus",6653.29,NA,NA,NA,NA,NA,NA,NA,NA,NA,NA,NA,NA,NA,NA,0,0,NA
"62","plant_production","Kaakkois-Suomen ELY-keskus",73148.98,NA,NA,NA,NA,NA,NA,NA,NA,NA,NA,NA,NA,NA,NA,0,0,NA
"63","plant_production","Hämeen ELY-keskus",117350.36,NA,NA,NA,NA,NA,NA,NA,NA,NA,NA,NA,NA,NA,NA,0,0,NA
"64","plant_production","Etelä-Savon ELY-keskus",20685.65,NA,NA,NA,NA,NA,NA,NA,NA,NA,NA,NA,NA,NA,NA,0,0,NA
"65","plant_production","Etelä-Pohjanmaan ELY-keskus",117309.28,NA,NA,NA,NA,NA,NA,NA,NA,NA,NA,NA,NA,NA,NA,0,0,NA
"66","plant_production","Ahvenanmaan valtionvirasto",3029.33,NA,NA,NA,NA,NA,NA,NA,NA,NA,NA,NA,NA,NA,NA,0,0,NA
"67","pork","Varsinais-Suomen ELY-keskus",25903.7339366104,361758.054469321,18004206.379984,695.042900920869,13.9654790832313,36308932.4109768,5043329.46057534,2081262.76466172,0,25903.7339366104,80.3460524167992,0,5681847.34752648,219.344723097862,NA,47034109.2190786,1815.72700422946,2.61239558281049
"68","pork","Uudenmaan ELY-keskus",3744.27063393115,49396.9179301883,2458417.42557709,656.581125119144,13.1926676139662,4957869.85881714,688650.6834641,269403.490506752,0,3744.27063393115,71.9508595520251,0,735471.529083434,196.425846577028,NA,6381992.07136467,1704.46869238834,2.59597577082198
"69","pork","Satakunnan ELY-keskus",10027.4876526089,158211.047760556,7873948.6800179,785.236437361187,15.7777354848593,15879326.4416314,2205646.64228359,821925.793783312,0,10027.4876526089,81.9672705923969,0,2243857.41702844,223.770648717244,NA,20328830.5009435,2027.31044955757,2.58178346431606
"70","pork","Pohjois-Savon ELY-keskus",1981.83354398003,24962.665935006,1242357.93435958,626.872997549838,12.5957429728809,2505452.85456468,348008.695229183,155226.008516511,0,1981.83354398003,78.3244430330801,0,423767.003250075,213.825729480309,NA,3277228.55304394,1653.63461679149,2.63791010819544
"71","pork","Pohjois-Pohjanmaan ELY-keskus",5733.92490462419,109812.245050034,5465206.09148694,953.135275120095,19.1513225018826,11021635.4111818,1530910.84980866,458688.433968315,0,5733.92490462419,79.9955425991716,0,1252219.4247335,218.387831295739,NA,13804765.685724,2407.55955394376,2.52593689142436
"72","pork","Pohjois-Karjalan ELY-keskus",622.279007521465,8131.70340728734,404703.819464057,650.357499726676,13.067616469461,816162.807582616,113365.43541178,45300.428170217,0,622.279007521465,72.7976158968441,0,123670.168904692,198.737491398384,NA,1053198.41189909,1692.48584504558,2.60239306190345
"73","pork","Pohjanmaan ELY-keskus",10155.2330035724,329280.168056822,16387826.1431595,1613.73216521912,32.424678778024,33049191.9075271,4590549.82142768,771883.468082737,0,10155.2330035724,76.0084448885818,0,2107241.86786587,207.503054545828,NA,39746983.5968207,3913.94107676689,2.42539695317745
"74","pork","Pirkanmaan ELY-keskus",6420.05067215381,125566.808811445,6249289.30368566,973.401865937162,19.5585385885,12602889.4667872,1750547.85463774,502666.092551782,0,6420.05067215381,78.2962811698722,0,1372278.43266636,213.748847593751,NA,15725715.7540913,2449.46910190283,2.51640066412299
"75","pork","Lapin ELY-keskus",0,0,0,NA,NA,0,0,0,0,0,NA,NA,0,NA,NA,0,NA,NA
"76","pork","Koko maa",100053.978684422,1738658,86530644.08512,864.839611806389,17.377200016042,174505626.144,24238921.5801375,7952600.41697505,0,100053.978684422,79.4831002379045,0,21710599.1383419,216.988863649479,NA,220455146.862479,2203.3621227379,2.54771184466879
"77","pork","Keski-Suomen ELY-keskus",548.926563448629,3835.89378538705,190907.216883165,347.782799367171,6.9879908184586,385000.987451727,53476.8359583849,42726.9283138757,0,548.926563448629,77.8372393666722,0,116644.514296881,212.495663471015,NA,555122.337706993,1011.28707311856,2.90781221773678
"78","pork","Kainuun ELY-keskus",23.353952523623,0,0,0,0,0,0,1518.00691403549,0,23.353952523623,65,0,4144.15887531689,177.45,NA,4144.15887531689,177.45,Inf
"79","pork","Kaakkois-Suomen ELY-keskus",1913.56857052541,23974.3361586691,1193170.10551978,623.531408227598,12.5286005048078,2406256.1715733,334230.224739906,137308.554207591,0,1913.56857052541,71.7552306839414,0,374852.352986724,195.89177976716,NA,3115338.74929992,1628.0256674808,2.61097620103613
"80","pork","Hämeen ELY-keskus",9619.79832451964,93959.8268553225,4676252.79722488,486.107155209866,9.76733853305748,9430559.90181501,1309909.63998064,776128.759516107,0,9619.79832451964,80.68035662846,0,2118831.51347897,220.257373595696,NA,12859301.0552746,1336.75370537633,2.74991571518674
"81","pork","Etelä-Savon ELY-keskus",345.172610371191,4393.66405520098,218666.684644238,633.499524800327,12.7288896140286,440983.273892412,61252.8044523338,26029.596148239,0,345.172610371191,75.4103754647489,0,71060.7974846924,205.870325018765,NA,573296.875829438,1660.89909397193,2.62178427757374
"82","pork","Etelä-Pohjanmaan ELY-keskus",19910.4081635618,444709.257578316,22132574.9450825,1111.60829869814,22.3355168776591,44634578.7646204,6199766.03817541,1645767.13887807,0,19910.4081635618,82.6586338842618,0,4492944.28913714,225.658070504035,NA,55327289.091933,2778.81239989785,2.49981257170557
"83","pork","Ahvenanmaan valtionvirasto",778.18494414717,0,0,0,0,0,0,65610.1988829434,0,778.18494414717,84.3118327801202,0,179115.842950435,230.171303489728,NA,179115.842950435,230.171303489728,Inf
"84","poultry","Varsinais-Suomen ELY-keskus",4873.16,16826630.5225132,11096994.5632922,2277.16606130154,3452.91977331202,9153687.00424718,1937369.32969364,380874.45,0,4873.16,78.1575917884904,0,1039787.2485,213.370225582579,NA,12130843.5824408,2489.317728628,1.09316477657549
"85","poultry","Satakunnan ELY-keskus",5218.84,27114258.8694575,17881582.5818186,3426.35194445864,5195.45701141586,14750156.8249849,3121856.95530533,457002.15,0,5218.84,87.5677641008347,0,1247615.8695,239.059995995279,NA,19119629.6497902,3663.57842926593,1.069235877882
"86","poultry","Pohjois-Savon ELY-keskus",0,0,0,NA,NA,0,0,0,0,0,NA,NA,0,NA,NA,0,NA,NA
"87","poultry","Pohjanmaan ELY-keskus",611.71,1053300.76089758,694641.318804344,1135.57293293283,1721.89560559347,572995.613928283,121273.988061703,53558.15,0,611.71,87.5548053816351,0,146213.7495,239.024618691864,NA,840483.351489985,1373.98988326165,1.20995300558376
"88","poultry","Pirkanmaan ELY-keskus",1644.98,7471139.07262501,4927141.50700547,2995.25921713666,4541.78109923829,4064299.65550801,860205.237038605,128875.3,0,1644.98,78.3445999343457,0,351829.569,213.880757820764,NA,5276334.46154661,3207.53715032803,1.0708713062218
"89","poultry","Koko maa",20868.88,82079829,54130826.42721,2593.85393117455,3933.12094372099,44651426.976,9450432.93595466,1662181.15,0,20868.88,79.6487952396104,0,4537754.5395,217.441211004136,NA,58639614.4514547,2809.90711774924,1.08329427651188
"90","poultry","Hämeen ELY-keskus",258.9,0,0,0,0,0,0,15434.85,0,258.9,59.617033603708,0,42137.1405,162.754501738123,NA,42137.1405,162.754501738123,Inf
"91","poultry","Etelä-Savon ELY-keskus",142.12,0,0,0,0,0,0,11420.8,0,142.12,80.3602589361103,0,31178.784,219.383506895581,NA,31178.784,219.383506895581,Inf
"92","poultry","Etelä-Pohjanmaan ELY-keskus",7592.56,28561199.0136091,18835825.1374851,2480.82664311972,3761.73504241114,15537292.2634034,3288453.43779368,612242.75,0,7592.56,80.6371961499152,0,1671422.7075,220.139545489268,NA,20497168.408697,2699.63864739917,1.08820124730855
"93","sheep","Varsinais-Suomen ELY-keskus",2479.92,9103,151267.2819,60.9968393738508,3.67068292525565,616527.984,797003.190466092,264987.75,6704.85,2479.92,106.85334607568,2.70365576308913,723416.5575,291.709634786606,5407316.39397664,7544264.12594273,3042.14011981948,49.8737336401014
"94","sheep","Uudenmaan ELY-keskus",619.05,2696,44800.2408,72.3693414102253,4.35506017284549,182594.688,236045.325881202,61134,1764.63,619.05,98.7545432517567,2.85054519021081,166895.82,269.599903077296,1601463.8029398,2186999.636821,3532.83197935709,48.8166937893112
"95","sheep","Satakunnan ELY-keskus",171.38,1618,26886.7914,156.884066985646,9.44100828568094,109583.904,141662.217090425,19384,425.52,171.38,113.105379857626,2.48290348932197,52918.32,308.77768701132,961115.887669362,1265280.32875979,7382.89373765776,47.0595509124152
"96","sheep","Pohjois-Savon ELY-keskus",707.34,2035,33816.2055,47.8075684960557,2.87697571182176,137826.48,178172.195166263,80371.85,1898.4,707.34,113.625484208443,2.68385783357367,219415.1505,310.197571889049,1208820.04413297,1744233.86979924,2465.90588655984,51.5798222777904
"97","sheep","Pohjois-Pohjanmaan ELY-keskus",1679.62,4788,79563.6324,47.3700196473012,2.85064478870221,324281.664,419208.093590206,194334.95,4543.95,1679.62,115.701736106977,2.70534406591967,530534.4135,315.865739572046,2844142.68860377,4118166.85969398,2451.84438128504,51.7594123781355
"98","sheep","Pohjois-Karjalan ELY-keskus",485.68,1136,18877.2528,38.8676758359414,2.33898863449185,76939.008,99461.2352377766,55370.2,1315.53,485.68,114.005518036567,2.70863531543403,151160.646,311.235064239829,674800.771565139,1002361.66080292,2063.83145446161,53.0989160034407
"99","sheep","Pohjanmaan ELY-keskus",2032.07,6253,103907.9769,51.1340538957811,3.07715777507665,423503.184,547474.563329064,225457.1,5066.82,2032.07,110.949475165718,2.49342788388195,615497.883,302.892067202409,3714374.31742677,5300849.94775584,2608.59613485551,51.0148508892375
"100","sheep","Pirkanmaan ELY-keskus",1490.69,4581,76123.8513,51.0661849881598,3.07307354312433,310261.968,401084.435408675,170056.8,3944.67,1490.69,114.079251890064,2.64620410682301,464255.064,311.436357659876,2721181.63251752,3896783.0999262,2614.08012391993,51.1900414046208
"101","sheep","Lapin ELY-keskus",1882.79,5240,87074.652,46.2476707439491,2.78310379808688,354894.72,458782.458315096,183849.3,5316.78,1882.79,97.6472681499264,2.82388370450236,501908.589,266.577042049299,3112637.36179695,4428223.12911204,2351.94744454349,50.8554789183888
"102","sheep","Koko maa",16558.9,55733,926131.9809,55.9295593849833,3.36574289354969,3774684.624,4879641.7460449,1883930.5,43383.87,16558.9,113.771476366184,2.61997294506278,5143130.265,310.596130479682,33106224.8253872,46903681.4604321,2832.53606582757,50.6447055363015
"103","sheep","Keski-Suomen ELY-keskus",827.27,3479,57811.5867,69.8823681506642,4.20539847933565,235625.712,304600.032915691,88301.4,2299.59,827.27,106.738307928488,2.77973333978024,241062.822,291.395580644771,2066577.36291824,2847865.92983393,3442.48664865634,49.2611618603772
"104","sheep","Kainuun ELY-keskus",347.54,1210,20106.933,57.8550181274098,3.48161362720838,81950.88,105940.224152913,38229.4,1042.62,347.54,110,3,104366.262,300.3,718757.864079066,1011015.23023198,2909.06148999246,50.2819216750749
"105","sheep","Kaakkois-Suomen ELY-keskus",596.4,1621,26936.6433,45.165397887324,2.71797451374916,109787.088,141924.878803201,67173.6,1519.08,596.4,112.631790744467,2.54708249496982,183383.928,307.484788732394,962897.931960467,1397993.82676367,2344.05403548569,51.8993332314598
"106","sheep","Hämeen ELY-keskus",719.4,3895,64724.3835,89.9699520433695,5.41423408395885,263800.56,341022.457087271,83384.4,1937.43,719.4,115.908256880734,2.69311926605505,227639.412,316.429541284404,2313687.50461815,3146149.93370542,4373.29709995193,48.6084187067679
"107","sheep","Etelä-Savon ELY-keskus",818.62,2320,38552.136,47.0940558500892,2.83403777088271,157128.96,203125.057879966,86441.8,2167.98,818.62,105.594537147883,2.64833500280961,235986.114,288.273086413721,1378114.25178796,1974354.38366793,2411.80814500981,51.2125808974093
"108","sheep","Etelä-Pohjanmaan ELY-keskus",630.94,2731,45381.8463,71.9273564839763,4.32846229435446,184965.168,239109.712530253,78090.2,1656.9,630.94,123.768028655657,2.6260817193394,213186.246,337.886718229943,1622254.31966936,2259515.44619962,3581.18909278159,49.7889713711277
"109","sheep","Ahvenanmaan valtionvirasto",580.29,3027,50300.5671,86.681774802254,5.21635733857209,205012.656,265025.668190801,56712.9,1609.26,580.29,97.7319960709301,2.77319960709301,154826.217,266.808349273639,1798082.68972507,2422947.23091587,4175.40752195604,48.1693819892513
