"","sector","region","no_of_real_animals","food_prod_kg_dm_per_region","cult_area","food_prod_kg_dm_per_ha","food_prod_kg_protein_per_region","food_prod_kg_protein_per_ha"
"1","beef","Varsinais-Suomen ELY-keskus",12228.4484043295,1784717.20832902,17690.8660633896,100.883540802019,746547.208244031,42.1995851174846
"2","beef","Uudenmaan ELY-keskus",3481.84245471047,507438.966516045,8300.47936606885,61.1336941081237,212261.719693662,25.5722242454281
"3","beef","Satakunnan ELY-keskus",9637.5037347779,1407926.21437516,12603.0323473911,111.71329054524,588935.53547313,46.729669435074
"4","beef","Pohjois-Savon ELY-keskus",22409.6927604997,3276336.00898192,27099.87645602,120.898558866091,1370491.35255714,50.5718671736859
"5","beef","Pohjois-Pohjanmaan ELY-keskus",25953.4740600245,3791488.31795017,36495.4650953758,103.889299890867,1585979.56339856,43.4568941443498
"6","beef","Pohjois-Karjalan ELY-keskus",10529.9914195762,1536755.03470363,16781.0609924785,91.5767504445887,642824.631016528,38.3065547109715
"7","beef","Pohjanmaan ELY-keskus",20893.1099439491,3053776.47312606,20531.1769964276,148.738500167692,1277394.69870863,62.2173146201454
"8","beef","Pirkanmaan ELY-keskus",9893.85703243703,1439565.19965416,20480.8593278462,70.2883202609033,602170.123015336,29.4016043651359
"9","beef","Lapin ELY-keskus",5129.3257103937,748734.680817812,7428.11,100.797468106667,313195.716986091,42.1635809090187
"10","beef","Koko maa",182806.575763842,26695139.5567283,259722.761315578,102.783211688914,11166576.8765794,42.9942174494725
"11","beef","Keski-Suomen ELY-keskus",10297.1551582876,1502131.29891111,16024.8334365514,93.7377168292348,628341.522334516,39.2104869496689
"12","beef","Kainuun ELY-keskus",1654.74561600128,241501.715263198,3373.41604747638,71.5896621894188,101020.167494596,29.9459556938339
"13","beef","Kaakkois-Suomen ELY-keskus",4717.00164163825,688071.268988279,9483.46142947459,72.5548655525454,287820.211817797,30.3497002606298
"14","beef","Hämeen ELY-keskus",6936.18940494132,1010431.08788444,14056.8116754804,71.8819538321735,422663.32406206,30.0682212879982
"15","beef","Etelä-Savon ELY-keskus",9217.28860188708,1345700.74023914,12285.3673896288,109.536874035624,562906.619642031,45.8192744091016
"16","beef","Etelä-Pohjanmaan ELY-keskus",27501.7865774857,4022000.41519485,29015.5418364382,138.615381986214,1682402.77367601,57.9828142848333
"17","beef","Ahvenanmaan valtionvirasto",2325.16324290316,338564.925793244,4034.92505585283,83.9086032842522,141621.708459314,35.0989687538027
"18","dairy","Varsinais-Suomen ELY-keskus",7663,10777475.3889,12414.74,868.119299228176,2924161.01270967,235.539448487014
"19","dairy","Uudenmaan ELY-keskus",6552,9214931.3256,11950.96,771.062017243803,2500209.18116583,209.205719136022
"20","dairy","Satakunnan ELY-keskus",5432,7639729.3896,9263.5,824.713055497382,2072822.99635116,223.76240042653
"21","dairy","Pohjois-Savon ELY-keskus",31912,44882003.7336,55158.22,813.695651048928,12177453.5087552,220.773141496502
"22","dairy","Pohjois-Pohjanmaan ELY-keskus",38099,53583587.9997,71923.94,745.003513429604,14538380.5850484,202.135486251843
"23","dairy","Pohjois-Karjalan ELY-keskus",11194,15743580.7782,23536.58,668.898403174973,4271572.2792995,181.486531998255
"24","dairy","Pohjanmaan ELY-keskus",27649,38886391.3647,45345.46,857.558647871253,10550714.8428043,232.674116500403
"25","dairy","Pirkanmaan ELY-keskus",13353,18780063.7959,20808.6,902.514527450189,5095435.46949135,244.871614115863
"26","dairy","Lapin ELY-keskus",7851,11041884.2853,15335.05,720.042274743154,2995900.83658928,195.362965010827
"27","dairy","Koko maa",227221,319570499.1963,404219.97,790.58562889978,86706353.8390844,214.502895141683
"28","dairy","Keski-Suomen ELY-keskus",9115,12819612.1845,18382.99,697.362735033855,3478236.67373726,189.209517806258
"29","dairy","Kainuun ELY-keskus",6274,8823943.7022,11142.48,791.919186949405,2394125.8245779,214.864718139759
"30","dairy","Kaakkois-Suomen ELY-keskus",8653,12169841.3859,15696.68,775.313084416577,3301939.87250121,210.359125146286
"31","dairy","Hämeen ELY-keskus",11667,16408822.3101,20126.16,815.298214368762,4452066.62342212,221.207951413589
"32","dairy","Etelä-Savon ELY-keskus",9465,13311862.7895,18659.08,713.425463072134,3611794.85649185,193.567681605516
"33","dairy","Etelä-Pohjanmaan ELY-keskus",30784,43295550.3552,51279.87,844.299144190498,11747014.5654776,229.076527796922
"34","dairy","Ahvenanmaan valtionvirasto",1558,2191218.4074,1678.9,1305.15123437965,594524.710661838,354.115617762725
"35","eggs","Varsinais-Suomen ELY-keskus",2656349,12587779.136448,6818.81,1846.0375250884,6419767.35958848,941.479137795081
"36","eggs","Uudenmaan ELY-keskus",12869,60982.999488,NA,NA,31101.32973888,NA
"37","eggs","Satakunnan ELY-keskus",454840,2155373.95968,425.81,5061.8209052864,1099240.7194368,2581.52866169606
"38","eggs","Pohjois-Savon ELY-keskus",41801,198084.572352,0,Inf,101023.13189952,Inf
"39","eggs","Pohjois-Pohjanmaan ELY-keskus",12492,59196.489984,0,Inf,30190.20989184,Inf
"40","eggs","Pohjois-Karjalan ELY-keskus",16624,78777.013248,0,Inf,40176.27675648,Inf
"41","eggs","Pohjanmaan ELY-keskus",310563,1471681.037376,1373.46,1071.51357693417,750557.32906176,546.471924236425
"42","eggs","Pirkanmaan ELY-keskus",77154,365613.671808,217.79,1678.74407368566,186462.97262208,856.159477579687
"43","eggs","Lapin ELY-keskus",0,0,NA,NA,0,NA
"44","eggs","Koko maa",4078181,19325488.370112,11705.83,1650.92850059432,9855999.06875712,841.973535303103
"45","eggs","Keski-Suomen ELY-keskus",55845,264635.60544,393.16,673.099006613084,134964.1587744,343.280493372673
"46","eggs","Kainuun ELY-keskus",0,0,0,NA,0,NA
"47","eggs","Kaakkois-Suomen ELY-keskus",16279,77142.143808,0,Inf,39342.49334208,Inf
"48","eggs","Hämeen ELY-keskus",133151,630969.567552,732.86,860.968762863302,321794.47945152,439.094069060284
"49","eggs","Etelä-Savon ELY-keskus",127584,604588.935168,460.09,1314.06667210328,308340.35693568,670.174002772675
"50","eggs","Etelä-Pohjanmaan ELY-keskus",107027,507174.410304,70.93,7150.3511956013,258658.94925504,3646.67910975666
"51","eggs","Ahvenanmaan valtionvirasto",0,0,0,NA,0,NA
"52","pork","Varsinais-Suomen ELY-keskus",361758.054469321,18004206.379984,25903.7339366104,695.042900920869,4991798.0996623,192.70573546956
"53","pork","Uudenmaan ELY-keskus",49396.9179301883,2458417.42557709,3744.27063393115,656.581125119144,681614.23914889,182.041926396024
"54","pork","Satakunnan ELY-keskus",158211.047760556,7873948.6800179,10027.4876526089,785.236437361187,2183109.94820904,217.712554115293
"55","pork","Pohjois-Savon ELY-keskus",24962.665935006,1242357.93435958,1981.83354398003,626.872997549838,344452.837573062,173.805130415399
"56","pork","Pohjois-Pohjanmaan ELY-keskus",109812.245050034,5465206.09148694,5733.92490462419,953.135275120095,1515268.42149937,264.263736742937
"57","pork","Pohjois-Karjalan ELY-keskus",8131.70340728734,404703.819464057,622.279007521465,650.357499726676,112207.098401887,180.316380667906
"58","pork","Pohjanmaan ELY-keskus",329280.168056822,16387826.1431595,10155.2330035724,1613.73216521912,4543644.83901746,447.41906339511
"59","pork","Pirkanmaan ELY-keskus",125566.808811445,6249289.30368566,6420.05067215381,973.401865937162,1732661.235491,269.882797499746
"60","pork","Lapin ELY-keskus",0,0,0,NA,0,NA
"61","pork","Koko maa",1738658,86530644.08512,100053.978684422,864.839611806389,23991254.9095674,239.783117323478
"62","pork","Keski-Suomen ELY-keskus",3835.89378538705,190907.216883165,548.926563448629,347.782799367171,52930.4242762212,96.4253286335536
"63","pork","Kainuun ELY-keskus",0,0,23.353952523623,0,0,0
"64","pork","Kaakkois-Suomen ELY-keskus",23974.3361586691,1193170.10551978,1913.56857052541,623.531408227598,330815.151726383,172.878650298667
"65","pork","Hämeen ELY-keskus",93959.8268553225,4676252.79722488,9619.79832451964,486.107155209866,1296525.34158234,134.776769516847
"66","pork","Etelä-Savon ELY-keskus",4393.66405520098,218666.684644238,345.172610371191,633.499524800327,60626.94005108,175.64238363491
"67","pork","Etelä-Pohjanmaan ELY-keskus",444709.257578316,22132574.9450825,19910.4081635618,1111.60829869814,6136418.52463559,308.201543344847
"68","pork","Ahvenanmaan valtionvirasto",0,0,778.18494414717,0,0,0
"69","poultry","Varsinais-Suomen ELY-keskus",16826630.5225132,11096994.5632922,4873.16,2277.16606130154,4408835.939996,904.718076155103
"70","poultry","Uudenmaan ELY-keskus",0,0,NA,NA,0,NA
"71","poultry","Satakunnan ELY-keskus",27114258.8694575,17881582.5818186,5218.84,3426.35194445864,7104352.75975651,1361.28962753342
"72","poultry","Pohjois-Savon ELY-keskus",0,0,0,NA,0,NA
"73","poultry","Pohjois-Pohjanmaan ELY-keskus",0,0,NA,NA,0,NA
"74","poultry","Pohjois-Karjalan ELY-keskus",0,0,NA,NA,0,NA
"75","poultry","Pohjanmaan ELY-keskus",1053300.76089758,694641.318804344,611.71,1135.57293293283,275980.995960966,451.163126254215
"76","poultry","Pirkanmaan ELY-keskus",7471139.07262501,4927141.50700547,1644.98,2995.25921713666,1957553.32073327,1190.0164869684
"77","poultry","Lapin ELY-keskus",0,0,NA,NA,0,NA
"78","poultry","Koko maa",82079829,54130826.42721,20868.88,2593.85393117455,21506177.3395305,1030.53816685565
"79","poultry","Keski-Suomen ELY-keskus",0,0,NA,NA,0,NA
"80","poultry","Kainuun ELY-keskus",0,0,NA,NA,0,NA
"81","poultry","Kaakkois-Suomen ELY-keskus",0,0,NA,NA,0,NA
"82","poultry","Hämeen ELY-keskus",0,0,258.9,0,0,0
"83","poultry","Etelä-Savon ELY-keskus",0,0,142.12,0,0,0
"84","poultry","Etelä-Pohjanmaan ELY-keskus",28561199.0136091,18835825.1374851,7592.56,2480.82664311972,7483473.32712282,985.632425311465
"85","poultry","Ahvenanmaan valtionvirasto",0,0,NA,NA,0,NA
"86","sheep","Varsinais-Suomen ELY-keskus",9103,151267.2819,2479.92,60.9968393738508,61805.7287364028,24.9224687636709
"87","sheep","Uudenmaan ELY-keskus",2696,44800.2408,619.05,72.3693414102253,18304.7615811647,29.5691165191255
"88","sheep","Satakunnan ELY-keskus",1618,26886.7914,171.38,156.884066985646,10985.572788696,64.1006697905007
"89","sheep","Pohjois-Savon ELY-keskus",2035,33816.2055,707.34,47.8075684960557,13816.8359857827,19.5335142728853
"90","sheep","Pohjois-Pohjanmaan ELY-keskus",4788,79563.6324,1679.62,47.3700196473012,32508.6047665491,19.3547378374568
"91","sheep","Pohjois-Karjalan ELY-keskus",1136,18877.2528,485.68,38.8676758359414,7712.98559206345,15.8807972164047
"92","sheep","Pohjanmaan ELY-keskus",6253,103907.9769,2032.07,51.1340538957811,42455.368756314,20.8926704081621
"93","sheep","Pirkanmaan ELY-keskus",4581,76123.8513,1490.69,51.0661849881598,31103.1575679953,20.8649401069272
"94","sheep","Lapin ELY-keskus",5240,87074.652,1882.79,46.2476707439491,35577.5039633913,18.8961615280468
"95","sheep","Koko maa",55733,926131.9809,16558.9,55.9295593849833,378404.776410627,22.8520479265306
"96","sheep","Keski-Suomen ELY-keskus",3479,57811.5867,827.27,69.8823681506642,23621.0183756943,28.5529734859167
"97","sheep","Kainuun ELY-keskus",1210,20106.933,347.54,57.8550181274098,8215.41599154646,23.6387638589701
"98","sheep","Kaakkois-Suomen ELY-keskus",1621,26936.6433,596.4,45.165397887324,11005.941588675,18.4539597395624
"99","sheep","Hämeen ELY-keskus",3895,64724.3835,719.4,89.9699520433695,26445.491972788,36.760483698621
"100","sheep","Etelä-Savon ELY-keskus",2320,38552.136,818.62,47.0940558500892,15751.8719837916,19.2419828293855
"101","sheep","Etelä-Pohjanmaan ELY-keskus",2731,45381.8463,630.94,71.9273564839763,18542.3975809201,29.3885275635086
"102","sheep","Ahvenanmaan valtionvirasto",3027,50300.5671,580.29,86.681774802254,20552.1191788522,35.4169797495255
