"","sector","region","no_of_real_animals","food_prod_kg_dm_per_region","cult_area","food_prod_kg_dm_per_ha"
"1","beef","Ahvenanmaan valtionvirasto",2325.16324290316,338564.925793244,4034.92505585283,83.9086032842522
"2","beef","Etelä-Pohjanmaan ELY-keskus",27501.7865774857,4022000.41519485,29015.5418364382,138.615381986214
"3","beef","Etelä-Savon ELY-keskus",9217.28860188708,1345700.74023914,12285.3673896288,109.536874035624
"4","beef","Hämeen ELY-keskus",6936.18940494132,1010431.08788444,14056.8116754804,71.8819538321735
"5","beef","Kaakkois-Suomen ELY-keskus",4717.00164163825,688071.268988279,9483.46142947459,72.5548655525454
"6","beef","Kainuun ELY-keskus",1654.74561600128,241501.715263198,3373.41604747638,71.5896621894188
"7","beef","Keski-Suomen ELY-keskus",10297.1551582876,1502131.29891111,16024.8334365514,93.7377168292348
"8","beef","Koko maa",182806.575763842,26695139.5567283,259722.761315578,102.783211688914
"9","beef","Lapin ELY-keskus",5129.3257103937,748734.680817812,7428.11,100.797468106667
"10","beef","Pirkanmaan ELY-keskus",9893.85703243703,1439565.19965416,20480.8593278462,70.2883202609033
"11","beef","Pohjanmaan ELY-keskus",20893.1099439491,3053776.47312606,20531.1769964276,148.738500167692
"12","beef","Pohjois-Karjalan ELY-keskus",10529.9914195762,1536755.03470363,16781.0609924785,91.5767504445887
"13","beef","Pohjois-Pohjanmaan ELY-keskus",25953.4740600245,3791488.31795017,36495.4650953758,103.889299890867
"14","beef","Pohjois-Savon ELY-keskus",22409.6927604997,3276336.00898192,27099.87645602,120.898558866091
"15","beef","Satakunnan ELY-keskus",9637.5037347779,1407926.21437516,12603.0323473911,111.71329054524
"16","beef","Uudenmaan ELY-keskus",3481.84245471047,507438.966516045,8300.47936606885,61.1336941081237
"17","beef","Varsinais-Suomen ELY-keskus",12228.4484043295,1784717.20832902,17690.8660633896,100.883540802019
"18","dairy","Ahvenanmaan valtionvirasto",1558,2191218.4074,1678.9,1305.15123437965
"19","dairy","Etelä-Pohjanmaan ELY-keskus",30784,43295550.3552,51279.87,844.299144190498
"20","dairy","Etelä-Savon ELY-keskus",9465,13311862.7895,18659.08,713.425463072134
"21","dairy","Hämeen ELY-keskus",11667,16408822.3101,20126.16,815.298214368762
"22","dairy","Kaakkois-Suomen ELY-keskus",8653,12169841.3859,15696.68,775.313084416577
"23","dairy","Kainuun ELY-keskus",6274,8823943.7022,11142.48,791.919186949405
"24","dairy","Keski-Suomen ELY-keskus",9115,12819612.1845,18382.99,697.362735033855
"25","dairy","Koko maa",227221,319570499.1963,404219.97,790.58562889978
"26","dairy","Lapin ELY-keskus",7851,11041884.2853,15335.05,720.042274743154
"27","dairy","Pirkanmaan ELY-keskus",13353,18780063.7959,20808.6,902.514527450189
"28","dairy","Pohjanmaan ELY-keskus",27649,38886391.3647,45345.46,857.558647871253
"29","dairy","Pohjois-Karjalan ELY-keskus",11194,15743580.7782,23536.58,668.898403174973
"30","dairy","Pohjois-Pohjanmaan ELY-keskus",38099,53583587.9997,71923.94,745.003513429604
"31","dairy","Pohjois-Savon ELY-keskus",31912,44882003.7336,55158.22,813.695651048928
"32","dairy","Satakunnan ELY-keskus",5432,7639729.3896,9263.5,824.713055497382
"33","dairy","Uudenmaan ELY-keskus",6552,9214931.3256,11950.96,771.062017243803
"34","dairy","Varsinais-Suomen ELY-keskus",7663,10777475.3889,12414.74,868.119299228176
"35","eggs","Ahvenanmaan valtionvirasto",0,0,0,NA
"36","eggs","Etelä-Pohjanmaan ELY-keskus",107027,507174.410304,70.93,7150.3511956013
"37","eggs","Etelä-Savon ELY-keskus",127584,604588.935168,460.09,1314.06667210328
"38","eggs","Hämeen ELY-keskus",133151,630969.567552,732.86,860.968762863302
"39","eggs","Kaakkois-Suomen ELY-keskus",16279,77142.143808,0,Inf
"40","eggs","Kainuun ELY-keskus",0,0,0,NA
"41","eggs","Keski-Suomen ELY-keskus",55845,264635.60544,393.16,673.099006613084
"42","eggs","Koko maa",4078181,19325488.370112,11705.83,1650.92850059432
"43","eggs","Lapin ELY-keskus",0,0,NA,NA
"44","eggs","Pirkanmaan ELY-keskus",77154,365613.671808,217.79,1678.74407368566
"45","eggs","Pohjanmaan ELY-keskus",310563,1471681.037376,1373.46,1071.51357693417
"46","eggs","Pohjois-Karjalan ELY-keskus",16624,78777.013248,0,Inf
"47","eggs","Pohjois-Pohjanmaan ELY-keskus",12492,59196.489984,0,Inf
"48","eggs","Pohjois-Savon ELY-keskus",41801,198084.572352,0,Inf
"49","eggs","Satakunnan ELY-keskus",454840,2155373.95968,425.81,5061.8209052864
"50","eggs","Uudenmaan ELY-keskus",12869,60982.999488,NA,NA
"51","eggs","Varsinais-Suomen ELY-keskus",2656349,12587779.136448,6818.81,1846.0375250884
"52","pork","Ahvenanmaan valtionvirasto",0,0,778.18494414717,0
"53","pork","Etelä-Pohjanmaan ELY-keskus",444709.257578316,22132574.9450825,19910.4081635618,1111.60829869814
"54","pork","Etelä-Savon ELY-keskus",4393.66405520098,218666.684644238,345.172610371191,633.499524800327
"55","pork","Hämeen ELY-keskus",93959.8268553225,4676252.79722488,9619.79832451964,486.107155209866
"56","pork","Kaakkois-Suomen ELY-keskus",23974.3361586691,1193170.10551978,1913.56857052541,623.531408227598
"57","pork","Kainuun ELY-keskus",0,0,23.353952523623,0
"58","pork","Keski-Suomen ELY-keskus",3835.89378538705,190907.216883165,548.926563448629,347.782799367171
"59","pork","Koko maa",1738658,86530644.08512,100053.978684422,864.839611806389
"60","pork","Lapin ELY-keskus",0,0,0,NA
"61","pork","Pirkanmaan ELY-keskus",125566.808811445,6249289.30368566,6420.05067215381,973.401865937162
"62","pork","Pohjanmaan ELY-keskus",329280.168056822,16387826.1431595,10155.2330035724,1613.73216521912
"63","pork","Pohjois-Karjalan ELY-keskus",8131.70340728734,404703.819464057,622.279007521465,650.357499726676
"64","pork","Pohjois-Pohjanmaan ELY-keskus",109812.245050034,5465206.09148694,5733.92490462419,953.135275120095
"65","pork","Pohjois-Savon ELY-keskus",24962.665935006,1242357.93435958,1981.83354398003,626.872997549838
"66","pork","Satakunnan ELY-keskus",158211.047760556,7873948.6800179,10027.4876526089,785.236437361187
"67","pork","Uudenmaan ELY-keskus",49396.9179301883,2458417.42557709,3744.27063393115,656.581125119144
"68","pork","Varsinais-Suomen ELY-keskus",361758.054469321,18004206.379984,25903.7339366104,695.042900920869
"69","poultry","Ahvenanmaan valtionvirasto",0,0,NA,NA
"70","poultry","Etelä-Pohjanmaan ELY-keskus",28561199.0136091,18835825.1374851,7592.56,2480.82664311972
"71","poultry","Etelä-Savon ELY-keskus",0,0,142.12,0
"72","poultry","Hämeen ELY-keskus",0,0,258.9,0
"73","poultry","Kaakkois-Suomen ELY-keskus",0,0,NA,NA
"74","poultry","Kainuun ELY-keskus",0,0,NA,NA
"75","poultry","Keski-Suomen ELY-keskus",0,0,NA,NA
"76","poultry","Koko maa",82079829,54130826.42721,20868.88,2593.85393117455
"77","poultry","Lapin ELY-keskus",0,0,NA,NA
"78","poultry","Pirkanmaan ELY-keskus",7471139.07262501,4927141.50700547,1644.98,2995.25921713666
"79","poultry","Pohjanmaan ELY-keskus",1053300.76089758,694641.318804344,611.71,1135.57293293283
"80","poultry","Pohjois-Karjalan ELY-keskus",0,0,NA,NA
"81","poultry","Pohjois-Pohjanmaan ELY-keskus",0,0,NA,NA
"82","poultry","Pohjois-Savon ELY-keskus",0,0,0,NA
"83","poultry","Satakunnan ELY-keskus",27114258.8694575,17881582.5818186,5218.84,3426.35194445864
"84","poultry","Uudenmaan ELY-keskus",0,0,NA,NA
"85","poultry","Varsinais-Suomen ELY-keskus",16826630.5225132,11096994.5632922,4873.16,2277.16606130154
"86","sheep","Ahvenanmaan valtionvirasto",3027,50300.5671,580.29,86.681774802254
"87","sheep","Etelä-Pohjanmaan ELY-keskus",2731,45381.8463,630.94,71.9273564839763
"88","sheep","Etelä-Savon ELY-keskus",2320,38552.136,818.62,47.0940558500892
"89","sheep","Hämeen ELY-keskus",3895,64724.3835,719.4,89.9699520433695
"90","sheep","Kaakkois-Suomen ELY-keskus",1621,26936.6433,596.4,45.165397887324
"91","sheep","Kainuun ELY-keskus",1210,20106.933,347.54,57.8550181274098
"92","sheep","Keski-Suomen ELY-keskus",3479,57811.5867,827.27,69.8823681506642
"93","sheep","Koko maa",55733,926131.9809,16558.9,55.9295593849833
"94","sheep","Lapin ELY-keskus",5240,87074.652,1882.79,46.2476707439491
"95","sheep","Pirkanmaan ELY-keskus",4581,76123.8513,1490.69,51.0661849881598
"96","sheep","Pohjanmaan ELY-keskus",6253,103907.9769,2032.07,51.1340538957811
"97","sheep","Pohjois-Karjalan ELY-keskus",1136,18877.2528,485.68,38.8676758359414
"98","sheep","Pohjois-Pohjanmaan ELY-keskus",4788,79563.6324,1679.62,47.3700196473012
"99","sheep","Pohjois-Savon ELY-keskus",2035,33816.2055,707.34,47.8075684960557
"100","sheep","Satakunnan ELY-keskus",1618,26886.7914,171.38,156.884066985646
"101","sheep","Uudenmaan ELY-keskus",2696,44800.2408,619.05,72.3693414102253
"102","sheep","Varsinais-Suomen ELY-keskus",9103,151267.2819,2479.92,60.9968393738508
