"","region","sector","area_sums","harvest_kg_dm_sums","harvest_prot_kg_sums","harvest_E_MJ_sums","area_sums_required","area_difference","area_selfsuff"
"1","Ahvenanmaan valtionvirasto","dairy",1705.25,7069722.354,1106918.999278,80203831.3504,6145.26727555658,-4440.01727555658,27.7489964803126
"2","Etelä-Pohjanmaan ELY-keskus","dairy",54290.09,284914073.63258,43481548.697963,3247347927.3897,89553.3791261786,-35263.2891261786,60.6231618837147
"3","Etelä-Savon ELY-keskus","dairy",19672.58,81308973.3531,12509817.8786816,925049012.125635,33539.4815030065,-13866.9015030065,58.6549914262585
"4","Hämeen ELY-keskus","dairy",21276.32,91931742.869995,13970558.5954228,1055639844.33127,39273.3300641021,-17997.0100641021,54.1749832908814
"5","Kaakkois-Suomen ELY-keskus","dairy",17061.46,71222767.117735,10925862.9237971,811386329.038191,32953.7107851408,-15892.2507851408,51.7740175339926
"6","Kainuun ELY-keskus","dairy",11889.75,51860138.2784,8158632.4722461,577613708.70729,25414.3962032337,-13524.6462032337,46.7835234208207
"7","Keski-Suomen ELY-keskus","dairy",19923.92,79460788.08063,12228726.5305425,899435454.623228,33603.8393460043,-13679.9193460043,59.2906060371613
"8","Koko maa","dairy",429747.85,1973364052.81551,302836916.55993,22430214335.8076,751482.693817816,-321734.843817816,57.1866595911502
"9","Lapin ELY-keskus","dairy",16481.6,70426113.32438,11182938.7240707,779224958.540628,34888.9126650812,-18407.3126650812,47.2402225836512
"10","Pirkanmaan ELY-keskus","dairy",22311.22,93741626.57529,14337146.6691735,1067169146.24715,47898.8422399216,-25587.6222399216,46.5798732425406
"11","Pohjanmaan ELY-keskus","dairy",47725.56,244590320.171145,37386694.7803413,2790259355.91269,81782.4133721664,-34056.8533721664,58.356751815107
"12","Pohjois-Karjalan ELY-keskus","dairy",24924.64,108955775.1152,16891089.9136735,1226394785.0492,41733.7772802346,-16809.1372802346,59.7229429596934
"13","Pohjois-Pohjanmaan ELY-keskus","dairy",76464.72,361945689.50105,55353949.9465522,4116148927.82033,120401.683718971,-43936.9637189709,63.5080155344638
"14","Pohjois-Savon ELY-keskus","dairy",58492.29,280495225.98206,43417367.9710466,3166418334.07359,113233.119213521,-54740.8292135214,51.6565209951536
"15","Satakunnan ELY-keskus","dairy",10041.62,47621670.32388,7296792.17512522,541582369.855878,17752.1179658273,-7710.49796582733,56.5657575018937
"16","Uudenmaan ELY-keskus","dairy",12800.59,42961073.5826,6504097.16660015,496189763.877735,25804.4665264186,-13003.8765264186,49.6061020556064
"17","Varsinais-Suomen ELY-keskus","dairy",13058.89,52118989.124,7969504.6564355,598805827.5694,27621.5372273172,-14562.6472273172,47.277926252001
"18","Ahvenanmaan valtionvirasto","beef",4176.1630903605,17424613.9702816,2729947.35568403,196072024.271197,6666.59878534676,-2490.43569498625,62.6430841996934
"19","Etelä-Pohjanmaan ELY-keskus","beef",30900.7372681389,169725519.140212,26153762.7389512,1924322220.17634,38847.6689812778,-7946.93171313892,79.5433499060938
"20","Etelä-Savon ELY-keskus","beef",13098.6031384238,56821325.9025228,8822629.22886775,639085451.93337,17278.3131744378,-4179.71003601395,75.809501808327
"21","Hämeen ELY-keskus","beef",14978.0381428583,71926356.9587058,11218118.2333486,809693894.000317,16146.3151413597,-1168.27699850139,92.7644357968167
"22","Kaakkois-Suomen ELY-keskus","beef",10123.8594275328,46703727.6540152,7312305.19339318,525243359.725739,11581.6245457097,-1457.76511817695,87.413120565051
"23","Kainuun ELY-keskus","beef",3615.41073585092,16398617.881412,2601179.23119412,181465901.354485,4844.65866688377,-1229.24793103285,74.6267381139663
"24","Keski-Suomen ELY-keskus","beef",17582.6941929517,73763659.4624159,11501199.2385265,826142026.426171,21925.8477125927,-4343.15351964101,80.1916278149346
"25","Koko maa","beef",277731.831736175,1323696426.97523,205478966.971431,14934484830.7273,340864.024141287,-63132.1924051124,81.4787751320614
"26","Lapin ELY-keskus","beef",8098.67010342738,34825848.36228,5545466.98379432,384343484.568368,14108.6806711552,-6010.01056772779,57.4020370308962
"27","Pirkanmaan ELY-keskus","beef",21711.5165841279,97633261.9903756,15180062.0262171,1099277566.82464,23555.3234918665,-1843.8069077386,92.1724407292676
"28","Pohjanmaan ELY-keskus","beef",21378.7851631564,115409870.920333,17787311.3552934,1306395882.6326,34368.3623505655,-12989.5771874091,62.2048410252653
"29","Pohjois-Karjalan ELY-keskus","beef",17759.7377676144,82027958.5572634,12849964.7758703,917713868.591444,22418.3549906514,-4658.61722303705,79.2196295179565
"30","Pohjois-Pohjanmaan ELY-keskus","beef",39664.8214130217,192286609.47816,29809744.6853105,2167313459.69372,44556.5522042338,-4891.73079121211,89.0212986660415
"31","Pohjois-Savon ELY-keskus","beef",29012.234799825,142279782.087466,22162985.6110303,1597859406.73054,42083.6725805937,-13071.4377807687,68.9394081380711
"32","Satakunnan ELY-keskus","beef",13326.4404776303,65644235.6609632,10121967.3204192,746117635.092332,16333.5436608871,-3007.10318325677,81.5894012610521
"33","Uudenmaan ELY-keskus","beef",9027.49346005264,33435645.6698422,5228399.96186927,376558569.081428,10498.0088311118,-1470.5153710592,85.9924353778291
"34","Varsinais-Suomen ELY-keskus","beef",18940.2943837091,78126511.9999614,12034454.5863281,891082498.665356,25161.1545931135,-6220.86020940439,75.2759350276119
"35","Ahvenanmaan valtionvirasto","pork",983.366909639495,2265086.09946845,296164.276056472,30520230.2818032,0,983.366909639495,Inf
"36","Etelä-Pohjanmaan ELY-keskus","pork",21865.0527318611,62917612.729218,8026705.58319996,820452609.45412,46583.3749537204,-24718.3222218593,46.9374594554036
"37","Etelä-Savon ELY-keskus","pork",477.67686157619,865425.669487255,108103.844112437,11074632.8834615,576.764385387827,-99.0875238116362,82.8201036121521
"38","Hämeen ELY-keskus","pork",11048.0818571417,26052784.0435442,3392445.87621394,337421419.002709,11830.7998733137,-782.718016171964,93.3840651134881
"39","Kaakkois-Suomen ELY-keskus","pork",2311.3305724672,4576635.91925979,634763.546353798,59126078.6912261,3599.63466592594,-1288.30409345874,64.2101431666443
"40","Kainuun ELY-keskus","pork",31.3492641490798,48704.6679880157,6185.49283447799,589326.48265499,0,31.3492641490798,Inf
"41","Keski-Suomen ELY-keskus","pork",755.085807048276,1394218.99445414,172956.375823988,17771754.1618265,512.517591135969,242.568215912307,147.32875907238
"42","Koko maa","pork",113938.158263825,284149471.779801,36927871.5673368,3697876294.60304,205070.842560826,-91132.6842970009,55.5603892006393
"43","Lapin ELY-keskus","pork",4.86989657261555,0,0,0,0,4.86989657261555,Inf
"44","Pirkanmaan ELY-keskus","pork",7141.59341587213,17770904.9633844,2327466.76357882,227487914.077744,16121.0692010119,-8979.47578513973,44.2997503876721
"45","Pohjanmaan ELY-keskus","pork",11239.8948368436,33294276.1594123,4271679.4350208,432553941.465197,34728.2706664914,-23488.3758296478,32.3652592574635
"46","Pohjois-Karjalan ELY-keskus","pork",844.26223238562,1431186.62170329,180011.255306221,18799309.7527531,1161.36125293665,-317.099020551031,72.6959187118388
"47","Pohjois-Pohjanmaan ELY-keskus","pork",6753.69858697833,16932331.1790697,2114295.24265134,220434733.167943,12267.1644772267,-5513.46589024834,55.0550911705489
"48","Pohjois-Savon ELY-keskus","pork",2414.51520017502,5044385.14203412,631642.126538197,65903862.9888072,3264.84149073899,-850.326290563976,73.955051325585
"49","Satakunnan ELY-keskus","pork",11029.2995223697,30234834.0727168,3866390.78693317,391594500.340876,18265.7719467792,-7236.47242440953,60.3823345353574
"50","Uudenmaan ELY-keskus","pork",4784.48653994736,8711075.36584786,1173175.90970034,114195001.509236,7346.67402948322,-2562.18748953586,65.1245246590029
"51","Varsinais-Suomen ELY-keskus","pork",29382.1756162909,73068047.3515886,9635951.02244713,958060553.139123,44941.7053443805,-15559.5297280896,65.3784171987698
"52","Ahvenanmaan valtionvirasto","sheep",584.63,2594304.1205,411708.401201,28650020.5948,703.902843114913,-119.272843114913,83.0554963257278
"53","Etelä-Pohjanmaan ELY-keskus","sheep",675.15,4139222.162,660646.501574,46005943.1852,441.86368816149,233.28631183851,152.795990729442
"54","Etelä-Savon ELY-keskus","sheep",874.16,4105939.09174,649101.60469156,45437962.884544,481.68692519428,392.473074805721,181.478872329247
"55","Hämeen ELY-keskus","sheep",821.94,4072812.055125,644825.8066965,45028403.343825,747.945045073918,73.9949549260823,109.893100490928
"56","Kaakkois-Suomen ELY-keskus","sheep",645.35,3217419.81066,506927.78192904,35686169.523396,340.976286534651,304.373713465349,189.26536110728
"57","Kainuun ELY-keskus","sheep",392.6,1788701.495,286192.2392,19675716.445,279.200152338989,113.399847661011,140.615969121438
"58","Keski-Suomen ELY-keskus","sheep",921.18,4102425.0925,653505.87229,45310654.162,745.901951866603,175.278048133397,123.498805398587
"59","Koko maa","sheep",17886.65,91635803.61616,14511513.6723508,1017136761.78687,10512.1287999385,7374.52120006149,170.152500415564
"60","Lapin ELY-keskus","sheep",2008.22,8775993.77396,1396027.32038024,96908440.475376,1338.46738142025,669.752618579752,150.038770303769
"61","Pirkanmaan ELY-keskus","sheep",1600.45,7739140.13835,1226971.68546365,85794751.520085,934.606980251905,665.843019748095,171.243103659319
"62","Pohjanmaan ELY-keskus","sheep",2159.01,12286802.11157,1933952.55341358,136780804.899192,1058.34217824649,1100.66782175351,203.999239978998
"63","Pohjois-Karjalan ELY-keskus","sheep",524.17,2547393.00816,403758.32073129,28176622.146771,240.370381127617,283.799618872384,218.067632767828
"64","Pohjois-Pohjanmaan ELY-keskus","sheep",1861.05,9755997.81334,1544487.94428071,107986806.662629,863.379887008847,997.670112991153,215.55401370856
"65","Pohjois-Savon ELY-keskus","sheep",800.76,4065281.49564,644102.50642116,44981582.542884,397.408492593833,403.351507406167,201.495442327753
"66","Satakunnan ELY-keskus","sheep",201.31,992416.369,155791.630813,11016412.9999,293.326257613866,-92.0162576138658,68.6300645696043
"67","Uudenmaan ELY-keskus","sheep",696.52,2752159.02225,437826.942762,30357699.27135,643.218875900301,53.3011240996987,108.286623122665
"68","Varsinais-Suomen ELY-keskus","sheep",2553.57,12228944.14775,1934352.3225245,135387672.0966,1910.2882707596,643.281729240401,133.6745892799
"69","Etelä-Pohjanmaan ELY-keskus","poultry",8371.63,25227108.35518,3451432.14641392,330933066.764158,28347.637737767,-19976.007737767,29.5320198368651
"70","Etelä-Savon ELY-keskus","poultry",146.82,364724.495,47532.689813,4716336.1265,0,146.82,Inf
"71","Hämeen ELY-keskus","poultry",296.87,671287.84575,105853.609206,8556848.443275,0,296.87,Inf
"72","Koko maa","poultry",23066.21,61332581.33183,8350792.19082877,803236621.091223,92821.9566904285,-69755.7466904285,24.8499501868166
"73","Pirkanmaan ELY-keskus","poultry",2004.88,4571187.256,641272.154852,60222091.2718,9100.29411493894,-7095.41411493894,22.0309363046719
"74","Pohjanmaan ELY-keskus","poultry",636.04,2069060.63775,264421.44259275,27289172.0784,1015.99452803786,-379.954528037864,62.6026993696856
"75","Pohjois-Savon ELY-keskus","poultry",0,0,0,0,0,0,NA
"76","Satakunnan ELY-keskus","poultry",5578.74,16385949.6175,2163835.0420575,216856621.57535,29407.1259990035,-23828.3859990035,18.9707079848233
"77","Varsinais-Suomen ELY-keskus","poultry",5464.45,14735862.057,2014754.014084,192126642.0826,20006.6236456986,-14542.1736456986,27.3132043505744
"78","Ahvenanmaan valtionvirasto","eggs",0,0,0,0,0,0,NA
"79","Etelä-Pohjanmaan ELY-keskus","eggs",70.93,337819.207,49654.005049,3862580.2127,1351.07275744858,-1280.14275744858,5.24990231717401
"80","Etelä-Savon ELY-keskus","eggs",481.45,1813467.65425,268739.0091985,21130353.3598,1965.73743810383,-1484.28743810383,24.4920807157446
"81","Hämeen ELY-keskus","eggs",757.39,2032062.094,256128.60947,26022936.2219,1980.52991456501,-1223.13991456501,38.2417854146045
"82","Kaakkois-Suomen ELY-keskus","eggs",0,0,0,0,287.74740844972,-287.74740844972,0
"83","Kainuun ELY-keskus","eggs",0,0,0,0,0,0,NA
"84","Keski-Suomen ELY-keskus","eggs",421.08,1274296.031,176418.06067,15269389.6681,883.349446558318,-462.269446558318,47.6685644215435
"85","Koko maa","eggs",12596.48,36539008.6068,4859588.8303492,460632383.83473,57622.713268467,-45026.233268467,21.8602687820554
"86","Pirkanmaan ELY-keskus","eggs",217.79,643977.9585,83249.3878415,7954715.55385,1186.7249392538,-968.934939253799,18.3521886829937
"87","Pohjanmaan ELY-keskus","eggs",1488.28,5044868.06975,669615.34517325,62963954.21285,3922.57349843068,-2434.29349843068,37.9414178114297
"88","Pohjois-Karjalan ELY-keskus","eggs",0,0,0,0,279.236471388847,-279.236471388847,0
"89","Pohjois-Pohjanmaan ELY-keskus","eggs",0,0,0,0,167.390047226974,-167.390047226974,0
"90","Pohjois-Savon ELY-keskus","eggs",0,0,0,0,657.308234589943,-657.308234589943,0
"91","Satakunnan ELY-keskus","eggs",444.21,1280791.679,157197.463151,16486518.7289,6371.46223277217,-5927.25223277217,6.97186899602366
"92","Varsinais-Suomen ELY-keskus","eggs",7336.4,20307405.03285,2655831.6723199,258655944.33281,39640.8433169812,-32304.4433169812,18.5071743840961
