"","sector","region","cereals","fallow","legumes","oil","silage"
"1","beef","Ahvenanmaan valtionvirasto",674.01344754521,141.238034507675,19.8204014178026,13.6212068898176,3327.47
"2","beef","Etelä-Pohjanmaan ELY-keskus",8980.94294220728,1885.19543170067,268.843243524108,188.935650706808,19576.82
"3","beef","Etelä-Savon ELY-keskus",2996.25195755237,813.235748795,47.6954320764419,0,9241.42
"4","beef","Hämeen ELY-keskus",3386.97806545509,921.226467377944,205.955440218673,96.5481698065885,10367.33
"5","beef","Kaakkois-Suomen ELY-keskus",2300.76107006254,640.397998058208,191.377845785635,120.502513626408,6870.82
"6","beef","Kainuun ELY-keskus",299.216047476377,241.994688374543,0,0,3074.2
"7","beef","Keski-Suomen ELY-keskus",3273.97343655137,1557.86075640035,25.3,0,12725.56
"8","beef","Koko maa",65508.4844645394,18009.0704205964,2264.8399452821,1532.8669057568,190416.57
"9","beef","Lapin ELY-keskus",362.33,670.560103427384,0,0,7065.78
"10","beef","Pirkanmaan ELY-keskus",5123.40445714232,1230.65725628168,196.044070219611,122.770800484257,15038.64
"11","beef","Pohjanmaan ELY-keskus",5832.959697303,847.608166728782,154.118664479007,26.7886346456263,14517.31
"12","beef","Pohjois-Karjalan ELY-keskus",3402.12225293246,978.676775135844,83.54,18.6987395460716,13276.7
"13","beef","Pohjois-Pohjanmaan ELY-keskus",9106.55771287561,3169.35631764586,179.400221446479,200.117161053726,27009.39
"14","beef","Pohjois-Savon ELY-keskus",6490.65720738422,1912.35834380501,42.7684279600979,80.9008206756533,20485.55
"15","beef","Satakunnan ELY-keskus",3959.80420337354,723.408130239196,146.189879749004,119.578264268563,8377.46
"16","beef","Uudenmaan ELY-keskus",1785.81456058236,727.014093983793,151.433997173801,32.1508083126866,6331.08
"17","beef","Varsinais-Suomen ELY-keskus",5143.22646215183,1249.42832031947,283.403085998525,120.486515239279,12143.75
"18","dairy","Ahvenanmaan valtionvirasto",338.65,26.35,47.13,0,1293.12
"19","dairy","Etelä-Pohjanmaan ELY-keskus",19204.88,3010.22,593,320.04,31161.95
"20","dairy","Etelä-Savon ELY-keskus",5851.54,1013.5,137.15,277.72,12392.67
"21","dairy","Hämeen ELY-keskus",8267.98,1150.16,334.81,72.94,11450.43
"22","dairy","Kaakkois-Suomen ELY-keskus",5872.45,1364.78,158.9,73.14,9592.19
"23","dairy","Kainuun ELY-keskus",1758.05,747.27,0,0,9384.43
"24","dairy","Keski-Suomen ELY-keskus",5510.81,1540.93,147.98,46.79,12677.41
"25","dairy","Koko maa",129540.06,25527.88,3871.63,1877.38,268930.9
"26","dairy","Lapin ELY-keskus",1192.78,1146.55,19.3,0,14122.97
"27","dairy","Pirkanmaan ELY-keskus",7274.12,1502.62,172.38,24.74,13337.36
"28","dairy","Pohjanmaan ELY-keskus",15293.45,2380.1,568.7,184.95,29298.36
"29","dairy","Pohjois-Karjalan ELY-keskus",6524.11,1388.06,91.34,127.64,16793.49
"30","dairy","Pohjois-Pohjanmaan ELY-keskus",23425.49,4540.78,340.92,327.52,47830.01
"31","dairy","Pohjois-Savon ELY-keskus",15622.23,3334.07,277.15,104.26,39154.58
"32","dairy","Satakunnan ELY-keskus",3166.34,778.12,131.98,0,5965.18
"33","dairy","Uudenmaan ELY-keskus",4875.44,849.63,179.73,68.39,6827.4
"34","dairy","Varsinais-Suomen ELY-keskus",4508.3,644.15,443.74,24.16,7438.54
"35","eggs","Ahvenanmaan valtionvirasto",0,0,0,0,0
"36","eggs","Etelä-Pohjanmaan ELY-keskus",42.39,0,0,0,28.54
"37","eggs","Etelä-Savon ELY-keskus",233.02,21.36,0,0,227.07
"38","eggs","Hämeen ELY-keskus",732.86,24.53,0,0,0
"39","eggs","Kaakkois-Suomen ELY-keskus",0,0,0,0,0
"40","eggs","Kainuun ELY-keskus",0,0,0,0,0
"41","eggs","Keski-Suomen ELY-keskus",285.98,27.92,0,0,107.18
"42","eggs","Koko maa",10194.77,890.65,213.85,210.31,1086.9
"43","eggs","Pirkanmaan ELY-keskus",197.13,0,0,0,20.66
"44","eggs","Pohjanmaan ELY-keskus",1194.5,114.82,13.96,0,165
"45","eggs","Pohjois-Karjalan ELY-keskus",0,0,0,0,0
"46","eggs","Pohjois-Pohjanmaan ELY-keskus",0,0,0,0,0
"47","eggs","Pohjois-Savon ELY-keskus",0,0,0,0,0
"48","eggs","Satakunnan ELY-keskus",425.81,18.4,0,0,0
"49","eggs","Varsinais-Suomen ELY-keskus",6193.77,517.59,187.84,50.27,386.93
"50","plant_production","Ahvenanmaan valtionvirasto",1530.72,573.67,27.88,21.73,1449
"51","plant_production","Etelä-Pohjanmaan ELY-keskus",79180.29,17355.52,3408.84,6069.29,28650.86
"52","plant_production","Etelä-Savon ELY-keskus",7318.25,3550.61,309.69,359.01,12698.7
"53","plant_production","Hämeen ELY-keskus",87403.41,17936.4,4621.11,3674.47,21651.37
"54","plant_production","Kaakkois-Suomen ELY-keskus",43431.9,13936.95,3020.42,1944.59,24752.07
"55","plant_production","Kainuun ELY-keskus",974.87,1255.86,12.6,0,5665.82
"56","plant_production","Keski-Suomen ELY-keskus",14756.22,8092.87,626.62,644.31,22943.04
"57","plant_production","Koko maa",679037.62,175581.98,34720.87,33808.48,328588.25
"58","plant_production","Lapin ELY-keskus",297.03,1401.12,0,0,13626.96
"59","plant_production","Pirkanmaan ELY-keskus",58269.74,13524.25,2456.78,2360.05,28856.36
"60","plant_production","Pohjanmaan ELY-keskus",51438.6,10342.11,2323.92,2733.27,21481.36
"61","plant_production","Pohjois-Karjalan ELY-keskus",8005.03,4365.58,162.54,568,21649.64
"62","plant_production","Pohjois-Pohjanmaan ELY-keskus",44016.57,16381.85,1367.32,2956.25,39648.83
"63","plant_production","Pohjois-Savon ELY-keskus",17680.42,7442.92,599.48,678.67,28521.89
"64","plant_production","Satakunnan ELY-keskus",55582.02,8957.88,1181.44,1321.38,11544.29
"65","plant_production","Uudenmaan ELY-keskus",80022.48,24737.79,6507.69,4661.7,25452.62
"66","plant_production","Varsinais-Suomen ELY-keskus",128434.23,25610.27,7962.14,5530.92,19864.2
"67","pork","Ahvenanmaan valtionvirasto",736.55655245479,205.181965492325,10.1295985821974,31.4987931101824,0
"68","pork","Etelä-Pohjanmaan ELY-keskus",18451.9370577927,1954.64456829933,596.396756475892,727.374349293192,134.7
"69","pork","Etelä-Savon ELY-keskus",338.798042447633,132.504251205,6.3745679235581,0,0
"70","pork","Hämeen ELY-keskus",8965.13193454491,1428.28353262206,473.504559781327,154.781830193412,26.38
"71","pork","Kaakkois-Suomen ELY-keskus",1633.19892993746,397.762001941791,242.902154214365,37.4674863735916,0
"72","pork","Kainuun ELY-keskus",23.353952523623,7.99531162545682,0,0,0
"73","pork","Keski-Suomen ELY-keskus",548.926563448629,206.159243599647,0,0,0
"74","pork","Koko maa",91742.3755354606,13884.1795794036,4560.6100547179,2567.4930942432,1183.5
"75","pork","Lapin ELY-keskus",0,4.86989657261555,0,0,0
"76","pork","Pirkanmaan ELY-keskus",5812.54554285768,721.542743718321,230.475929780389,143.379199515743,233.65
"77","pork","Pohjanmaan ELY-keskus",9463.850302697,1084.66183327122,415.271335520993,66.5413653543737,209.57
"78","pork","Pohjois-Karjalan ELY-keskus",586.177747067536,221.983224864156,0,36.1012604539284,0
"79","pork","Pohjois-Pohjanmaan ELY-keskus",5486.21228712439,1019.77368235414,87.6597785535214,118.302838946274,41.75
"80","pork","Pohjois-Savon ELY-keskus",1918.28279261578,432.681656194988,27.7615720399021,35.7891793243467,0
"81","pork","Satakunnan ELY-keskus",9562.21579662646,1001.8118697608,308.840120250996,103.991735731437,52.44
"82","pork","Uudenmaan ELY-keskus",3334.79543941764,1040.21590601621,306.676002826199,102.799191687313,0
"83","pork","Varsinais-Suomen ELY-keskus",23429.3135378482,3478.44167968053,1506.97691400148,766.803484760721,200.64
"84","poultry","Etelä-Pohjanmaan ELY-keskus",6489.36,779.07,282.43,497.84,322.93
"85","poultry","Etelä-Savon ELY-keskus",142.12,4.7,0,0,0
"86","poultry","Hämeen ELY-keskus",170.31,37.97,88.59,0,0
"87","poultry","Koko maa",18285.69,2197.33,878.5,820.75,883.94
"88","poultry","Pirkanmaan ELY-keskus",1375.13,359.9,129.16,93.52,47.17
"89","poultry","Pohjanmaan ELY-keskus",611.71,24.33,0,0,0
"90","poultry","Pohjois-Savon ELY-keskus",0,0,0,0,0
"91","poultry","Satakunnan ELY-keskus",4988.72,359.9,125.46,53.7,50.96
"92","poultry","Varsinais-Suomen ELY-keskus",4169.79,591.29,183.86,175.69,343.82
"93","sheep","Ahvenanmaan valtionvirasto",43.87,4.34,0,0,536.42
"94","sheep","Etelä-Pohjanmaan ELY-keskus",44.64,44.21,0,34,552.3
"95","sheep","Etelä-Savon ELY-keskus",95.96,55.54,0,0,722.66
"96","sheep","Hämeen ELY-keskus",73.59,102.54,0,0,645.81
"97","sheep","Kaakkois-Suomen ELY-keskus",90.04,48.95,0,0,506.36
"98","sheep","Kainuun ELY-keskus",0,45.06,0,0,347.54
"99","sheep","Keski-Suomen ELY-keskus",51.2,93.91,9.54,0,766.53
"100","sheep","Koko maa",1860.26,1327.75,157.4,79.95,14461.29
"101","sheep","Lapin ELY-keskus",110.53,125.43,0,0,1772.26
"102","sheep","Pirkanmaan ELY-keskus",156.88,109.76,18.92,0,1314.89
"103","sheep","Pohjanmaan ELY-keskus",321.83,126.94,21.3,0,1688.94
"104","sheep","Pohjois-Karjalan ELY-keskus",47.17,38.49,0,0,438.51
"105","sheep","Pohjois-Pohjanmaan ELY-keskus",164.97,181.43,0,0,1514.65
"106","sheep","Pohjois-Savon ELY-keskus",74.54,93.42,0,0,632.8
"107","sheep","Satakunnan ELY-keskus",29.54,29.93,0,0,141.84
"108","sheep","Uudenmaan ELY-keskus",30.84,77.47,0,0,588.21
"109","sheep","Varsinais-Suomen ELY-keskus",236.45,73.65,8.52,0,2234.95
