"","sector","region","N_input_in_fert_region","P_input_in_fert_region","cult_area_ha_sum","N_input_in_fert_region_per_ha","P_input_in_fert_region_per_ha"
"1","beef","Ahvenanmaan valtionvirasto",489232.651117057,9982.41,4034.92505585283,121.249501377331,2.47400134124427
"2","beef","Etelä-Pohjanmaan ELY-keskus",3881694.36112193,58730.46,29015.5418364382,133.779833683727,2.02410350739152
"3","beef","Etelä-Savon ELY-keskus",1494829.85385176,27724.26,12285.3673896288,121.675633006603,2.25668953322508
"4","beef","Hämeen ELY-keskus",1844417.49048389,31101.99,14056.8116754804,131.211652618293,2.2125920669658
"5","beef","Kaakkois-Suomen ELY-keskus",1214132.04579241,20612.46,9483.46142947459,128.026254424243,2.17351651116928
"6","beef","Kainuun ELY-keskus",445999.743085965,9222.6,3373.41604747638,132.210120782348,2.73390529665007
"7","beef","Keski-Suomen ELY-keskus",2013391.67168612,38176.68,16024.8334365514,125.64197185936,2.38234488683808
"8","beef","Koko maa",33799394.333025,571249.71,259722.761315578,130.136435335202,2.1994595587481
"9","beef","Lapin ELY-keskus",940367.7,21197.34,7428.11,126.595823163631,2.85366533344283
"10","beef","Pirkanmaan ELY-keskus",2677369.90744822,45115.92,20480.8593278462,130.725467354195,2.20283335175588
"11","beef","Pohjanmaan ELY-keskus",2625173.78191726,43551.93,20531.1769964276,127.862800187931,2.1212583188766
"12","beef","Pohjois-Karjalan ELY-keskus",2222108.02182978,39830.1,16781.0609924785,132.417611903428,2.3735150010987
"13","beef","Pohjois-Pohjanmaan ELY-keskus",4738620.61603168,81028.17,36495.4650953758,129.84135436137,2.22022571265345
"14","beef","Pohjois-Savon ELY-keskus",3546629.39148349,61456.65,27099.87645602,130.872529889177,2.26778340114344
"15","beef","Satakunnan ELY-keskus",1579525.15621669,25132.38,12603.0323473911,125.328977398337,1.99415341540423
"16","beef","Uudenmaan ELY-keskus",962570.809493248,18993.24,8300.47936606885,115.965689093584,2.28821001322425
"17","beef","Varsinais-Suomen ELY-keskus",2129238.18533828,36431.25,17690.8660633896,120.358052438407,2.05932540947742
"18","dairy","Ahvenanmaan valtionvirasto",196671.8,3879.36,1678.9,117.143248555602,2.31065578652689
"19","dairy","Etelä-Pohjanmaan ELY-keskus",6479785.4,93485.85,51279.87,126.36119007322,1.82305161850059
"20","dairy","Etelä-Savon ELY-keskus",2169156.85,37178.01,18659.08,116.252079416563,1.99248891156477
"21","dairy","Hämeen ELY-keskus",2400844.95,34351.29,20126.16,119.289767645691,1.70679801810181
"22","dairy","Kaakkois-Suomen ELY-keskus",1878973.1,28776.57,15696.68,119.705128727858,1.83329022442962
"23","dairy","Kainuun ELY-keskus",1420424.1,28153.29,11142.48,127.478272341525,2.52666282551102
"24","dairy","Keski-Suomen ELY-keskus",2184706.45,38032.23,18382.99,118.843912225378,2.06888161283883
"25","dairy","Koko maa",50437420.2,806792.7,404219.97,124.777160811723,1.99592489208289
"26","dairy","Lapin ELY-keskus",1910046.3,42368.91,15335.05,124.554292291189,2.7628804601224
"27","dairy","Pirkanmaan ELY-keskus",2571490.45,40012.08,20808.6,123.578253702796,1.92286266255298
"28","dairy","Pohjanmaan ELY-keskus",5549985.05,87895.08,45345.46,122.39340057417,1.93834355192339
"29","dairy","Pohjois-Karjalan ELY-keskus",2962858.85,50380.47,23536.58,125.883150823102,2.14051786623205
"30","dairy","Pohjois-Pohjanmaan ELY-keskus",8951537.9,143490.03,71923.94,124.458391739941,1.99502460515928
"31","dairy","Pohjois-Savon ELY-keskus",7027826.3,117463.74,55158.22,127.412130050607,2.12957814809833
"32","dairy","Satakunnan ELY-keskus",1139082.8,17895.54,9263.5,122.964624601932,1.93183354023857
"33","dairy","Uudenmaan ELY-keskus",1242197.1,20482.2,11950.96,103.94119802928,1.71385394980822
"34","dairy","Varsinais-Suomen ELY-keskus",1402572.45,22315.62,12414.74,112.976385329052,1.79751005659402
"35","eggs","Ahvenanmaan valtionvirasto",0,0,0,NA,NA
"36","eggs","Etelä-Pohjanmaan ELY-keskus",3391.2,0,70.93,47.8105174115325,0
"37","eggs","Etelä-Savon ELY-keskus",18617.35,0,460.09,40.4645830163664,0
"38","eggs","Hämeen ELY-keskus",61697.75,0,732.86,84.1876347460634,0
"39","eggs","Kaakkois-Suomen ELY-keskus",0,0,0,NA,NA
"40","eggs","Kainuun ELY-keskus",0,0,0,NA,NA
"41","eggs","Keski-Suomen ELY-keskus",22352.05,0,393.16,56.8522993183437,0
"42","eggs","Koko maa",868504.05,0,11705.83,74.1941451396441,0
"43","eggs","Pirkanmaan ELY-keskus",16316.3,0,217.79,74.9175811561596,0
"44","eggs","Pohjanmaan ELY-keskus",98866.75,0,1373.46,71.9837126672783,0
"45","eggs","Pohjois-Karjalan ELY-keskus",0,0,0,NA,NA
"46","eggs","Pohjois-Pohjanmaan ELY-keskus",0,0,0,NA,NA
"47","eggs","Pohjois-Savon ELY-keskus",0,0,0,NA,NA
"48","eggs","Satakunnan ELY-keskus",36028.3,0,425.81,84.6112115732369,0
"49","eggs","Varsinais-Suomen ELY-keskus",525886.3,0,6818.81,77.1228850781881,0
"50","pork","Ahvenanmaan valtionvirasto",65610.1988829434,0,778.18494414717,84.3118327801202,0
"51","pork","Etelä-Pohjanmaan ELY-keskus",1645767.13887807,0,19910.4081635618,82.6586338842618,0
"52","pork","Etelä-Savon ELY-keskus",26029.596148239,0,345.172610371191,75.4103754647489,0
"53","pork","Hämeen ELY-keskus",776128.759516107,0,9619.79832451964,80.68035662846,0
"54","pork","Kaakkois-Suomen ELY-keskus",137308.554207591,0,1913.56857052541,71.7552306839414,0
"55","pork","Kainuun ELY-keskus",1518.00691403549,0,23.353952523623,65,0
"56","pork","Keski-Suomen ELY-keskus",42726.9283138757,0,548.926563448629,77.8372393666722,0
"57","pork","Koko maa",7952600.41697505,0,100053.978684422,79.4831002379045,0
"58","pork","Lapin ELY-keskus",0,0,0,NA,NA
"59","pork","Pirkanmaan ELY-keskus",502666.092551782,0,6420.05067215381,78.2962811698722,0
"60","pork","Pohjanmaan ELY-keskus",771883.468082737,0,10155.2330035724,76.0084448885818,0
"61","pork","Pohjois-Karjalan ELY-keskus",45300.428170217,0,622.279007521465,72.7976158968441,0
"62","pork","Pohjois-Pohjanmaan ELY-keskus",458688.433968315,0,5733.92490462419,79.9955425991716,0
"63","pork","Pohjois-Savon ELY-keskus",155226.008516511,0,1981.83354398003,78.3244430330801,0
"64","pork","Satakunnan ELY-keskus",821925.793783312,0,10027.4876526089,81.9672705923969,0
"65","pork","Uudenmaan ELY-keskus",269403.490506752,0,3744.27063393115,71.9508595520251,0
"66","pork","Varsinais-Suomen ELY-keskus",2081262.76466172,0,25903.7339366104,80.3460524167992,0
"67","poultry","Etelä-Pohjanmaan ELY-keskus",612242.75,0,7592.56,80.6371961499152,0
"68","poultry","Etelä-Savon ELY-keskus",11420.8,0,142.12,80.3602589361103,0
"69","poultry","Hämeen ELY-keskus",15434.85,0,258.9,59.617033603708,0
"70","poultry","Koko maa",1662181.15,0,20868.88,79.6487952396104,0
"71","poultry","Pirkanmaan ELY-keskus",128875.3,0,1644.98,78.3445999343457,0
"72","poultry","Pohjanmaan ELY-keskus",53558.15,0,611.71,87.5548053816351,0
"73","poultry","Pohjois-Savon ELY-keskus",0,0,0,NA,NA
"74","poultry","Satakunnan ELY-keskus",457002.15,0,5218.84,87.5677641008347,0
"75","poultry","Varsinais-Suomen ELY-keskus",380874.45,0,4873.16,78.1575917884904,0
"76","sheep","Ahvenanmaan valtionvirasto",56712.9,1609.26,580.29,97.7319960709301,2.77319960709301
"77","sheep","Etelä-Pohjanmaan ELY-keskus",78090.2,1656.9,630.94,123.768028655657,2.6260817193394
"78","sheep","Etelä-Savon ELY-keskus",86441.8,2167.98,818.62,105.594537147883,2.64833500280961
"79","sheep","Hämeen ELY-keskus",83384.4,1937.43,719.4,115.908256880734,2.69311926605505
"80","sheep","Kaakkois-Suomen ELY-keskus",67173.6,1519.08,596.4,112.631790744467,2.54708249496982
"81","sheep","Kainuun ELY-keskus",38229.4,1042.62,347.54,110,3
"82","sheep","Keski-Suomen ELY-keskus",88301.4,2299.59,827.27,106.738307928488,2.77973333978024
"83","sheep","Koko maa",1883930.5,43383.87,16558.9,113.771476366184,2.61997294506278
"84","sheep","Lapin ELY-keskus",183849.3,5316.78,1882.79,97.6472681499264,2.82388370450236
"85","sheep","Pirkanmaan ELY-keskus",170056.8,3944.67,1490.69,114.079251890064,2.64620410682301
"86","sheep","Pohjanmaan ELY-keskus",225457.1,5066.82,2032.07,110.949475165718,2.49342788388195
"87","sheep","Pohjois-Karjalan ELY-keskus",55370.2,1315.53,485.68,114.005518036567,2.70863531543403
"88","sheep","Pohjois-Pohjanmaan ELY-keskus",194334.95,4543.95,1679.62,115.701736106977,2.70534406591967
"89","sheep","Pohjois-Savon ELY-keskus",80371.85,1898.4,707.34,113.625484208443,2.68385783357367
"90","sheep","Satakunnan ELY-keskus",19384,425.52,171.38,113.105379857626,2.48290348932197
"91","sheep","Uudenmaan ELY-keskus",61134,1764.63,619.05,98.7545432517567,2.85054519021081
"92","sheep","Varsinais-Suomen ELY-keskus",264987.75,6704.85,2479.92,106.85334607568,2.70365576308913
