"","sector","region","N_input_in_fert_region","P_input_in_fert_region","cult_area_ha_sum","N_input_in_fert_region_per_ha","P_input_in_fert_region_per_ha","BNF_per_region","BNF_per_ha","cult_area","N_input_manure_kg_per_ha","P_input_manure_kg_per_ha","N_in_harvest_tot","P_in_harvest_tot","N_in_harvest_per_ha","P_in_harvest_per_ha"
"1","beef","Varsinais-Suomen ELY-keskus",2129238.18533828,36431.25,17690.8660633896,120.358052438407,2.05932540947742,2240.86055141411,14.9764226290983,17690.8660633896,35.6224541548964,4.67798386802032,1925512.73381249,239089.185859279,108.842197262306,13.5148378266263
"2","beef","Uudenmaan ELY-keskus",962570.809493248,18993.24,8300.47936606885,115.965689093584,2.28821001322425,1015.5766909328,12.1003051844891,8300.47936606885,17.6160348486046,2.29437310677731,836543.993899083,103749.726188105,100.782612305351,12.4992451173626
"3","beef","Satakunnan ELY-keskus",1579525.15621669,25132.38,12603.0323473911,125.328977398337,1.99415341540423,1316.30162747884,16.7612594593801,12603.0323473911,48.1890104283534,6.34559262272173,1619514.77126708,201388.715378658,128.501992744812,15.9793857404759
"4","beef","Pohjois-Savon ELY-keskus",3546629.39148349,61456.65,27099.87645602,130.872529889177,2.26778340114344,404.920808152642,9.46775056895767,27099.87645602,51.384979032895,6.74847723937021,3546077.69776485,443857.483227415,130.852172094575,16.3785795831116
"5","beef","Pohjois-Pohjanmaan ELY-keskus",4738620.61603168,81028.17,36495.4650953758,129.84135436137,2.22022571265345,1385.81894138431,7.72473372781065,36495.4650953758,34.8899453633295,4.57119513770083,4769559.14964969,596767.432091026,130.689090745524,16.351824275467
"6","beef","Pohjois-Karjalan ELY-keskus",2222108.02182978,39830.1,16781.0609924785,132.417611903428,2.3735150010987,647.751116069792,7.75378400849643,16781.0609924785,29.7549421652585,3.89489411161381,2055994.36413925,256797.413221908,122.518734963229,15.302811505006
"7","beef","Pohjanmaan ELY-keskus",2625173.78191726,43551.93,20531.1769964276,127.862800187931,2.1212583188766,1654.52538437865,10.735399180701,20531.1769964276,60.0008088263165,7.87550359264937,2845969.81684694,356009.390900894,138.616983202771,17.339940665011
"8","beef","Pirkanmaan ELY-keskus",2677369.90744822,45115.92,20480.8593278462,130.725467354195,2.20283335175588,1549.67798344253,13.8129543923532,20480.8593278462,13.5195745711196,1.7582806428789,2428809.92419474,302297.730415939,118.589258649537,14.7600120471961
"9","beef","Lapin ELY-keskus",940367.7,21197.34,7428.11,126.595823163631,2.85366533344283,0,0,7428.11,33.1155071456648,4.32968034624582,887274.717407091,110962.6786662,119.448246917061,14.9382115593603
"10","beef","Koko maa",33799394.333025,571249.71,259722.761315578,130.136435335202,2.1994595587481,18823.9194418713,15.193547658831,259722.761315578,34.8438241634353,4.56377253269942,32876634.715429,4101742.93074245,126.583571454802,15.7927742257391
"11","beef","Keski-Suomen ELY-keskus",2013391.67168612,38176.68,16024.8334365514,125.64197185936,2.38234488683808,185.413416477014,7.32859353664087,16024.8334365514,27.53880340296,3.60521319158074,1840191.87816425,230380.55229504,114.833760079335,14.37647094475
"12","beef","Kainuun ELY-keskus",445999.743085965,9222.6,3373.41604747638,132.210120782348,2.73390529665007,0,0,3373.41604747638,25.2895498101072,3.29675915857923,416188.67699106,52072.04189853,123.373064909206,15.4359975661717
"13","beef","Kaakkois-Suomen ELY-keskus",1214132.04579241,20612.46,9483.46142947459,128.026254424243,2.17351651116928,1453.54106326299,11.9319551411749,9483.46142947459,23.0986437748846,3.01367519981954,1169968.83094291,145159.553006663,123.369387817263,15.3066002415012
"14","beef","Hämeen ELY-keskus",1844417.49048389,31101.99,14056.8116754804,131.211652618293,2.2125920669658,1625.0670212362,14.7713223457207,14056.8116754804,18.9190781675306,2.46322940108497,1794898.91733577,223259.346416202,127.688906899611,15.8826447682755
"15","beef","Etelä-Savon ELY-keskus",1494829.85385176,27724.26,12285.3673896288,121.675633006603,2.25668953322508,370.323920581461,7.76434774692763,12285.3673896288,30.9281680737841,4.05257444782799,1411620.67661884,176711.758735557,114.902601757805,14.3839213864076
"16","beef","Etelä-Pohjanmaan ELY-keskus",3881694.36112193,58730.46,29015.5418364382,133.779833683727,2.02410350739152,2643.32041660939,9.83219954483386,29015.5418364382,58.5090926256255,7.69889981445619,4184602.03823219,522542.44988253,144.219331206047,18.0090536591777
"17","beef","Ahvenanmaan valtionvirasto",489232.651117057,9982.41,4034.92505585283,121.249501377331,2.47400134124427,182.158456475673,9.19045243513883,4034.92505585283,22.6550016424557,2.96062853550844,436791.576909445,54381.6770915789,108.252711230872,13.4777415537609
"18","dairy","Varsinais-Suomen ELY-keskus",1402572.45,22315.62,12414.74,112.976385329052,1.79751005659402,3357.61110290384,14.9764226290983,12414.74,124.359689141149,18.1851805706095,1275120.74502968,157110.15514875,102.710225508523,12.6551305261931
"19","dairy","Uudenmaan ELY-keskus",1242197.1,20482.2,11950.96,103.94119802928,1.71385394980822,1142.72286461092,12.1003051844891,11950.96,110.456054666955,16.1520450325013,1040655.54665602,129143.771174,87.077150844453,10.8061420316025
"20","dairy","Satakunnan ELY-keskus",1139082.8,17895.54,9263.5,122.964624601932,1.93183354023857,1199.36244095767,9.08745598543468,9263.5,118.141664749863,17.2759157024765,1167486.74802004,145598.10833845,126.030846658394,15.7173971326658
"21","dairy","Pohjois-Savon ELY-keskus",7027826.3,117463.74,55158.22,127.412130050607,2.12957814809833,2623.98707018662,9.46775056895767,55158.22,116.56340126284,17.0451254303414,6946778.87536746,869736.86339165,125.942767467251,15.768037173637
"22","dairy","Pohjois-Pohjanmaan ELY-keskus",8951537.9,143490.03,71923.94,124.458391739941,1.99502460515928,2633.51622248521,7.72473372781065,71923.94,106.723125982271,15.6061769730278,8856631.99144835,1110374.8298445,123.138860182692,15.4381813599825
"23","dairy","Pohjois-Karjalan ELY-keskus",2962858.85,50380.47,23536.58,125.883150823102,2.14051786623205,645.02066024391,11.9038068372806,23536.58,95.8209287131472,14.0119431234209,2702574.38618777,337818.764095625,114.824430150335,14.3529248555068
"24","dairy","Pohjanmaan ELY-keskus",5549985.05,87895.08,45345.46,122.39340057417,1.93834355192339,6085.43726875299,20.7552741186662,45345.46,122.846856376064,17.96395826621,5981871.1648546,747671.241150113,131.917752402437,16.4883373363091
"25","dairy","Pirkanmaan ELY-keskus",2571490.45,40012.08,20808.6,123.578253702796,1.92286266255298,1334.46487444333,13.8129543923532,20808.6,129.28686895783,18.9056845803011,2293943.46706776,285982.986998225,110.240163541409,13.7434996587096
"26","dairy","Lapin ELY-keskus",1910046.3,42368.91,15335.05,124.554292291189,2.7628804601224,130.862609012289,6.78044606281293,15335.05,103.147382548868,15.0832941927662,1789270.19585132,223832.3455192,116.678471596201,14.5961275326262
"27","dairy","Koko maa",50437420.2,806792.7,404219.97,124.777160811723,1.99592489208289,31895.2114863849,15.193547658831,404219.97,113.252848009309,16.5610215449115,48453906.6495887,6052683.72965753,119.870145578381,14.9737375163764
"28","dairy","Keski-Suomen ELY-keskus",2184706.45,38032.23,18382.99,118.843912225378,2.06888161283883,1084.48527155212,7.32859353664087,18382.99,99.8984966980177,14.6082079629835,1956596.2448868,244449.430761825,106.435147105384,13.2975881922269
"29","dairy","Kainuun ELY-keskus",1420424.1,28153.29,11142.48,127.478272341525,2.52666282551102,0,0,11142.48,113.443882657024,16.5889566385736,1305381.19555938,163459.86626775,117.153559670682,14.6699716999941
"30","dairy","Kaakkois-Suomen ELY-keskus",1878973.1,28776.57,15696.68,119.705128727858,1.83329022442962,1166.42541635838,11.9319551411749,15696.68,111.065027872129,16.2410954939107,1748138.06780753,217705.815501025,111.369924583258,13.8695453752657
"31","dairy","Hämeen ELY-keskus",2400844.95,34351.29,20126.16,119.289767645691,1.70679801810181,2563.42387568667,14.7713223457207,20126.16,116.79297141116,17.0786955898494,2235289.37526764,277811.45374255,111.063877822081,13.8035002078166
"32","dairy","Etelä-Savon ELY-keskus",2169156.85,37178.01,18659.08,116.252079416563,1.99248891156477,1046.56852056441,14.7184400546199,18659.08,102.19951208539,14.9446866129714,2001570.86058906,249749.128408875,107.270608228759,13.3848575818784
"33","dairy","Etelä-Pohjanmaan ELY-keskus",6479785.4,93485.85,51279.87,126.36119007322,1.82305161850059,5830.49433008648,9.83219954483386,51279.87,120.947408042902,17.6862009707259,6957047.79167408,868643.38440145,135.668202584642,16.9392665075292
"34","dairy","Ahvenanmaan valtionvirasto",196671.8,3879.36,1678.9,117.143248555602,2.31065578652689,433.146023268093,9.19045243513882,1678.9,186.965319091448,27.340033668471,177107.03988448,21879.225009,105.489927860194,13.0318809988683
"35","eggs","Varsinais-Suomen ELY-keskus",525886.3,0,6818.81,77.1228850781881,0,1520.96029853072,8.09710550751024,6818.81,184.886034715973,39.2121564224675,424933.067571184,52163.22595025,62.3177750327673,7.64990166176356
"36","eggs","Satakunnan ELY-keskus",36028.3,0,425.81,84.6112115732369,0,0,0,425.81,506.956106201583,107.519435776963,25151.59410416,3201.9791975,59.067645438482,7.51973696601771
"37","eggs","Pohjois-Savon ELY-keskus",0,0,0,NA,NA,0,0,0,Inf,Inf,0,0,NA,NA
"38","eggs","Pohjois-Pohjanmaan ELY-keskus",0,0,0,NA,NA,0,0,0,Inf,Inf,0,0,NA,NA
"39","eggs","Pohjois-Karjalan ELY-keskus",0,0,0,NA,NA,0,0,0,Inf,Inf,0,0,NA,NA
"40","eggs","Pohjanmaan ELY-keskus",98866.75,0,1373.46,71.9837126672783,0,149.866172562585,10.735399180701,1373.46,107.315205509813,22.7602946400173,107138.45522772,13379.184018125,78.0062435219955,9.74122582246662
"41","eggs","Pirkanmaan ELY-keskus",16316.3,0,217.79,74.9175811561596,0,0,0,217.79,168.131108316349,35.6586333246397,13319.90205464,1689.91975625,61.1593831426604,7.75940013889527
"42","eggs","Koko maa",868504.05,0,11705.83,74.1941451396441,0,1817.97488426035,8.50116850250341,11705.83,165.345297658484,35.067795604271,777534.212855872,95871.13138575,66.4228177631037,8.19003277732122
"43","eggs","Keski-Suomen ELY-keskus",22352.05,0,393.16,56.8522993183437,0,0,0,393.16,67.4128259109981,14.297468592279,28226.8897072,3572.930507,71.7949173547665,9.08772638874759
"44","eggs","Kainuun ELY-keskus",0,0,0,NA,NA,0,0,0,NA,NA,0,0,NA,NA
"45","eggs","Kaakkois-Suomen ELY-keskus",0,0,0,NA,NA,0,0,0,Inf,Inf,0,0,NA,NA
"46","eggs","Hämeen ELY-keskus",61697.75,0,732.86,84.1876347460634,0,0,0,732.86,86.22852916952,18.2880582574493,40980.5775152,5080.155235,55.9186986807849,6.9319586755997
"47","eggs","Etelä-Savon ELY-keskus",18617.35,0,460.09,40.4645830163664,0,0,0,460.09,131.607604426111,27.9124271288028,42998.24147176,5385.25827175,93.4561530825708,11.7047931312352
"48","eggs","Etelä-Pohjanmaan ELY-keskus",3391.2,0,70.93,47.8105174115325,0,0,0,70.93,716.128497614392,151.882443204436,7944.64080784,987.7503215,112.006778624559,13.9257059283801
"49","eggs","Ahvenanmaan valtionvirasto",0,0,0,NA,NA,0,0,0,NA,NA,0,0,NA,NA
"50","pork","Varsinais-Suomen ELY-keskus",2081262.76466172,0,25903.7339366104,80.3460524167992,0,11879.8603747107,14.9764226290983,25903.7339366104,63.1921702388323,10.4754209125122,1541752.16359154,183393.337798971,59.5185299294842,7.07980317616594
"51","pork","Uudenmaan ELY-keskus",269403.490506752,0,3744.27063393115,71.9508595520251,0,2043.2847669036,12.1003051844891,3744.27063393115,59.6952881313678,9.89573973019677,187708.145552055,21777.6884146196,50.1320988528486,5.81626985433876
"52","pork","Satakunnan ELY-keskus",821925.793783312,0,10027.4876526089,81.9672705923969,0,2741.67699812199,16.7612594593801,10027.4876526089,71.3924198948284,11.8347834159613,618622.525909307,75820.4333492921,61.69267391203,7.56125920828888
"53","pork","Pohjois-Savon ELY-keskus",155226.008516511,0,1981.83354398003,78.3244430330801,0,262.839639475942,9.46775056895767,1981.83354398003,56.9942734855822,9.44799018783216,101062.740246111,12610.9628550853,50.9945653877428,6.36328055572177
"54","pork","Pohjois-Pohjanmaan ELY-keskus",458688.433968315,0,5733.92490462419,79.9955425991716,0,677.1484479648,7.72473372781065,5733.92490462419,86.6575091785343,14.3652905169128,338287.238824214,42510.2146507992,58.9975007435829,7.41380735846686
"55","pork","Pohjois-Karjalan ELY-keskus",45300.428170217,0,622.279007521465,72.7976158968441,0,0,0,622.279007521465,59.1294462318498,9.801939627352,28801.8008489954,3577.96655425823,46.2843844977398,5.74977865396627
"56","pork","Pohjanmaan ELY-keskus",771883.468082737,0,10155.2330035724,76.0084448885818,0,4458.10355512066,10.735399180701,10155.2330035724,146.717904131238,24.3215543218022,683468.709603328,84209.8909514682,67.3021199378586,8.29226576306474
"57","pork","Pirkanmaan ELY-keskus",502666.092551782,0,6420.05067215381,78.2962811698722,0,1771.81487460026,13.8129543923532,6420.05067215381,88.500114657097,14.6707408265111,372394.682172611,45331.7215584609,58.0049443827333,7.0609600879136
"58","pork","Lapin ELY-keskus",0,0,0,NA,NA,0,0,0,NA,NA,0,0,NA,NA
"59","pork","Koko maa",7952600.41697505,0,100053.978684422,79.4831002379045,0,37654.1737167491,15.193547658831,100053.978684422,78.6298110607953,13.0345320317386,5908459.45077389,715299.332480753,59.0527186271088,7.14913431615613
"60","pork","Keski-Suomen ELY-keskus",42726.9283138757,0,548.926563448629,77.8372393666722,0,0,0,548.926563448629,31.6198465369982,5.24164940707404,27673.020131838,3485.54748613536,50.4129731998802,6.3497518943835
"61","pork","Kainuun ELY-keskus",1518.00691403549,0,23.353952523623,65,0,0,0,23.353952523623,0,0,989.678853516479,121.761669970039,42.37736,5.21375
"62","pork","Kaakkois-Suomen ELY-keskus",137308.554207591,0,1913.56857052541,71.7552306839414,0,1759.89368020901,11.9319551411749,1913.56857052541,56.6904616186609,9.39762703093805,101562.167416608,11441.5897981495,53.0747468269306,5.97918986253414
"63","pork","Hämeen ELY-keskus",776128.759516107,0,9619.79832451964,80.68035662846,0,3702.40124507708,14.7713223457207,9619.79832451964,44.1960720203566,7.32642122185632,542791.34019423,65242.5033554855,56.4243991280694,6.78210718713205
"64","pork","Etelä-Savon ELY-keskus",26029.596148239,0,345.172610371191,75.4103754647489,0,49.4943620949154,7.76434774692763,345.172610371191,57.5967465668127,9.54786267346598,17296.6150579899,2163.56417371814,50.1100450565574,6.2680644660406
"65","pork","Etelä-Pohjanmaan ELY-keskus",1645767.13887807,0,19910.4081635618,82.6586338842618,0,5863.89191756266,9.83219954483386,19910.4081635618,101.065618765638,16.7537353496836,1284272.89331199,157969.902543045,64.5025899399869,7.93403637159718
"66","pork","Ahvenanmaan valtionvirasto",65610.1988829434,0,778.18494414717,84.3118327801202,0,93.0955939567349,9.19045243513883,778.18494414717,0,0,47386.2841690355,5662.71524867111,60.8933448602853,7.2768244763165
"67","poultry","Varsinais-Suomen ELY-keskus",380874.45,0,4873.16,78.1575917884904,0,1428.85516367504,14.9764226290983,4873.16,199.878907171283,35.2688298935758,322360.64225344,38078.97582125,66.1502274198754,7.81402125545847
"68","poultry","Satakunnan ELY-keskus",457002.15,0,5218.84,87.5677641008347,0,1140.11222793264,9.08745598543469,5218.84,300.749029190764,53.0674622014895,346213.6067292,41191.63648875,66.339187775291,7.89287207286485
"69","poultry","Pohjois-Savon ELY-keskus",0,0,0,NA,NA,0,0,0,NA,NA,0,0,NA,NA
"70","poultry","Pohjanmaan ELY-keskus",53558.15,0,611.71,87.5548053816351,0,0,0,611.71,99.6752413911228,17.5877944450243,42307.43081484,5172.651594375,69.1625620225924,8.45605204161286
"71","poultry","Pirkanmaan ELY-keskus",128875.3,0,1644.98,78.3445999343457,0,1035.58905393173,8.01787746927629,1644.98,262.909740835414,46.3906825293094,102603.54477632,11610.56321,62.3737338911841,7.05817895050396
"72","poultry","Koko maa",1662181.15,0,20868.88,79.6487952396104,0,7270.48541444492,15.193547658831,20868.88,227.676276199539,40.1737030171134,1336126.7505326,157010.356363325,64.0248422786754,7.52365993591055
"73","poultry","Hämeen ELY-keskus",15434.85,0,258.9,59.617033603708,0,707.847180835685,7.9901476558944,258.9,0,0,16936.57747296,1678.219614375,65.4174487174971,6.48211515787949
"74","poultry","Etelä-Savon ELY-keskus",11420.8,0,142.12,80.3602589361103,0,0,0,142.12,0,0,7605.23037008,911.8112375,53.5127383202927,6.41578410849986
"75","poultry","Etelä-Pohjanmaan ELY-keskus",612242.75,0,7592.56,80.6371961499152,0,2776.90811744743,9.83219954483386,7592.56,217.755273422947,38.4231323128146,552229.143426227,64688.10445595,72.7329311096952,8.51993325781423
"76","sheep","Varsinais-Suomen ELY-keskus",264987.75,6704.85,2479.92,106.85334607568,2.70365576308913,68.9873389239873,8.09710550751024,2479.92,72.285789788919,9.2315072138315,309496.37160392,38628.37732875,124.800949870931,15.5764610667884
"77","sheep","Uudenmaan ELY-keskus",61134,1764.63,619.05,98.7545432517567,2.85054519021081,0,0,619.05,85.7630502505134,10.9526674520636,70052.31084192,8753.486127,113.160989971602,14.1401924351829
"78","sheep","Satakunnan ELY-keskus",19384,425.52,171.38,113.105379857626,2.48290348932197,0,0,171.38,185.919283749261,23.7434662349749,24926.66093008,3112.2023275,145.446731999533,18.1596588137472
"79","sheep","Pohjois-Savon ELY-keskus",80371.85,1898.4,707.34,113.625484208443,2.68385783357367,0,0,707.34,56.6555231730043,7.23538986572935,103056.401027386,12886.4110791,145.695706488231,18.2181285931801
"80","sheep","Pohjois-Pohjanmaan ELY-keskus",194334.95,4543.95,1679.62,115.701736106977,2.70534406591967,0,0,1679.62,56.1369952553593,7.16916946160441,247118.071084914,30897.972255225,147.127368741092,18.3958111091943
"81","sheep","Pohjois-Karjalan ELY-keskus",55370.2,1315.53,485.68,114.005518036567,2.70863531543403,0,0,485.68,46.0610856874195,5.88239052297809,64601.3313170064,8076.966812775,133.01213003831,16.6302232185287
"82","sheep","Pohjanmaan ELY-keskus",225457.1,5066.82,2032.07,110.949475165718,2.49342788388195,228.66400254893,10.735399180701,2032.07,60.5976556967355,7.73883355690257,309432.408546173,38568.15898355,152.274482939157,18.9797393709616
"83","sheep","Pirkanmaan ELY-keskus",170056.8,3944.67,1490.69,114.079251890064,2.64620410682301,151.698241718707,8.01787746927629,1490.69,60.5172259951333,7.72856200321663,196315.469674184,24437.789535875,131.694362794534,16.3936093593403
"84","sheep","Lapin ELY-keskus",183849.3,5316.78,1882.79,97.6472681499264,2.82388370450236,0,0,1882.79,54.8069283579537,6.99930866055163,223364.371260838,27934.1665134,118.634776720101,14.8365810915716
"85","sheep","Koko maa",1883930.5,43383.87,16558.9,113.771476366184,2.61997294506278,1295.63163633929,15.193547658831,16558.9,66.2806862485231,8.46460466196275,2321842.18757613,289276.494189775,140.217175511424,17.4695477471194
"86","sheep","Keski-Suomen ELY-keskus",88301.4,2299.59,827.27,106.738307928488,2.77973333978024,69.9147823395539,7.32859353664087,827.27,82.8158020308234,10.576278907642,104560.9395664,13025.1715195,126.392761210246,15.744764731587
"87","sheep","Kainuun ELY-keskus",38229.4,1042.62,347.54,110,3,0,0,347.54,68.5624980166579,8.75601133898256,45790.758272,5723.844784,131.7568,16.4696
"88","sheep","Kaakkois-Suomen ELY-keskus",67173.6,1519.08,596.4,112.631790744467,2.54708249496982,0,0,596.4,53.5243545555838,6.83551312973675,81108.4451086464,10136.5664334,135.996722180829,16.9962549185111
"89","sheep","Hämeen ELY-keskus",83384.4,1937.43,719.4,115.908256880734,2.69311926605505,0,0,719.4,106.621082460777,13.6164147166041,103172.12907144,12888.24447075,143.414135489908,17.9152689334862
"90","sheep","Etelä-Savon ELY-keskus",86441.8,2167.98,818.62,105.594537147883,2.64833500280961,0,0,818.62,55.8099576376828,7.1274039896411,103856.25675065,12975.0666271,126.867480333549,15.849926250397
"91","sheep","Etelä-Pohjanmaan ELY-keskus",78090.2,1656.9,630.94,123.768028655657,2.6260817193394,0,0,630.94,85.2392652512138,10.8857756741132,105703.44025184,13119.275885,167.533268221764,20.7932226281421
"92","sheep","Ahvenanmaan valtionvirasto",56712.9,1609.26,580.29,97.7319960709301,2.77319960709301,0,0,580.29,102.724347953221,13.1187687363646,65873.34419216,8230.0707415,113.517972379603,14.1826857976184
