"","region","sector","N_balance_tot","P_balance_tot","N_balance_per_ha","P_balance_per_ha"
"1","Varsinais-Suomen ELY-keskus","beef",836158.377380716,-119900.349803434,62.1147319600956,-6.77752854912861
"2","Uudenmaan ELY-keskus","beef",273263.92605789,-65712.089557237,44.8994168213264,-7.91666199736108
"3","Satakunnan ELY-keskus","beef",568654.343794392,-96282.6262911296,61.7772545412586,-7.63963970234994
"4","Pohjois-Savon ELY-keskus","beef",1393483.19801343,-199517.933774219,60.873087396455,-7.36231894259793
"5","Pohjois-Pohjanmaan ELY-keskus","beef",1243772.06851035,-348911.369498914,41.7669427069854,-9.56040342511275
"6","Pohjois-Karjalan ELY-keskus","beef",666080.908109477,-151606.857575672,47.4076031139548,-9.03440239229352
"7","Pohjanmaan ELY-keskus","beef",1012745.71639663,-150764.102704209,59.9820249921765,-7.34317875348506
"8","Pirkanmaan ELY-keskus","beef",527002.166200347,-221170.711910261,39.4687376681306,-10.7988980525614
"9","Lapin ELY-keskus","beef",299078.612376693,-57603.9967894479,40.2630833922347,-7.75486587967167
"10","Koko maa","beef",9991317.76355967,-2345177.61653356,53.5902357026664,-9.02954213429156
"11","Keski-Suomen ELY-keskus","beef",614689.944512722,-134430.931396701,45.6756087196261,-8.38891286633122
"12","Kainuun ELY-keskus","beef",115123.239257774,-31728.1016483141,34.1266056832499,-9.40533311094241
"13","Kaakkois-Suomen ELY-keskus","beef",264671.853225055,-95967.0204882103,39.6874655230393,-10.1194085305124
"14","Hämeen ELY-keskus","beef",317085.559044029,-157532.204611644,37.2131462319337,-11.2068233002247
"15","Etelä-Savon ELY-keskus","beef",463543.408628128,-99200.1327701679,45.4655470695098,-8.07465740535458
"16","Etelä-Pohjanmaan ELY-keskus","beef",1397408.66819722,-240424.24022163,57.9017946481395,-8.28605033732996
"17","Ahvenanmaan valtionvirasto","beef",144034.466431619,-32453.352832583,44.8422442240544,-8.04311167700824
"18","Varsinais-Suomen ELY-keskus","dairy",1674702.52324141,90969.753488418,149.602271590776,7.32756010101041
"19","Uudenmaan ELY-keskus","dairy",1522740.16729118,84370.8729276214,139.420407036271,7.059756950707
"20","Satakunnan ELY-keskus","dairy",1067200.72583128,32332.8767714412,124.162898678836,3.49035211004925
"21","Pohjois-Savon ELY-keskus","dairy",6513101.14250673,187905.655022718,127.500514415154,3.40666640480273
"22","Pohjois-Pohjanmaan ELY-keskus","dairy",7773487.1345354,155572.936392935,115.76739126733,2.1630202182046
"23","Pohjois-Karjalan ELY-keskus","dairy",2516226.43880376,42354.9261842207,118.783456223195,1.79953613414611
"24","Pohjanmaan ELY-keskus","dairy",5144746.53434069,154807.789851983,134.077778666463,3.41396448182426
"25","Pirkanmaan ELY-keskus","dairy",2969160.18920258,147429.921159429,156.43791351157,7.08504758414449
"26","Lapin ELY-keskus","dairy",1702677.23551372,49839.6350915798,117.80364930667,3.25004712026239
"27","Koko maa","dairy",47794471.5866349,1448404.60239597,133.353410901482,3.58320892061808
"28","Keski-Suomen ELY-keskus","dairy",2065627.75619945,62125.3401396217,119.635855354653,3.37950138359547
"29","Kainuun ELY-keskus","dairy",1379089.09806886,49535.541298424,123.768595327868,4.44564776409058
"30","Kaakkois-Suomen ELY-keskus","dairy",1875353.65930872,66002.033316333,131.332187157905,4.20484034307465
"31","Hämeen ELY-keskus","dairy",2518713.02810448,100268.396290053,139.790183580491,4.98199340013461
"32","Etelä-Savon ELY-keskus","dairy",2075581.42989377,66282.9846774874,125.899423327815,3.5523179426578
"33","Etelä-Pohjanmaan ELY-keskus","dairy",5730735.46393296,131788.552171247,121.472595076314,2.5699860816973
"34","Ahvenanmaan valtionvirasto","dairy",333893.98036142,27901.317516996,207.809092221995,16.6188084561296
"35","Varsinais-Suomen ELY-keskus","eggs",1363176.93510897,215217.018384836,207.788250268904,31.5622547607039
"36","Satakunnan ELY-keskus","eggs",226743.685477536,42580.8717506888,532.499672336338,99.9996988109457
"37","Pohjois-Savon ELY-keskus","eggs",NA,NA,NA,NA
"38","Pohjois-Pohjanmaan ELY-keskus","eggs",NA,NA,NA,NA
"39","Pohjois-Karjalan ELY-keskus","eggs",NA,NA,NA,NA
"40","Pohjanmaan ELY-keskus","eggs",139271.30310435,17881.1702581532,112.028073835796,13.0190688175507
"41","Pirkanmaan ELY-keskus","eggs",39613.6720255776,6076.17399552328,181.889306329848,27.8992331857444
"42","Koko maa","eggs",2028291.75771799,314626.522432594,181.617793537527,26.8777628269498
"43","Keski-Suomen ELY-keskus","eggs",20629.186927968,2048.2622447404,52.4702078745752,5.20974220353138
"44","Kainuun ELY-keskus","eggs",NA,NA,NA,NA
"45","Kaakkois-Suomen ELY-keskus","eggs",NA,NA,NA,NA
"46","Hämeen ELY-keskus","eggs",83910.6123719744,8322.43113955432,114.497465234798,11.3560995818496
"47","Etelä-Savon ELY-keskus","eggs",36170.4512486496,7456.97032594088,78.616034359907,16.2076339975676
"48","Etelä-Pohjanmaan ELY-keskus","eggs",46241.5535279488,9785.27137499064,651.932236401365,137.956737276056
"49","Ahvenanmaan valtionvirasto","eggs",NA,NA,NA,NA
"50","Varsinais-Suomen ELY-keskus","pork",2188303.62618858,87959.1783927482,98.9961153552455,3.39561773634624
"51","Uudenmaan ELY-keskus","pork",307253.94405594,15274.6392581819,93.6143540150334,4.07946987585801
"52","Satakunnan ELY-keskus","pork",921931.553857388,42852.7112255605,108.428276034575,4.27352420767243
"53","Pohjois-Savon ELY-keskus","pork",167379.270918374,6113.38102235464,93.7919016998773,3.08470963211038
"54","Pohjois-Pohjanmaan ELY-keskus","pork",617965.993643563,39859.2824062886,115.380284761934,6.9514831584459
"55","Pohjois-Karjalan ELY-keskus","pork",53293.6404376709,2521.57470883568,85.6426776309542,4.05216097338573
"56","Pohjanmaan ELY-keskus","pork",1582827.36428305,162781.160195476,166.159628262662,16.0292885587375
"57","Pirkanmaan ELY-keskus","pork",700218.445843756,48855.1779457763,122.604405836589,7.60978073859755
"58","Lapin ELY-keskus","pork",NA,NA,NA,NA
"59","Koko maa","pork",9949020.57975483,588857.457584231,114.253740330422,5.88539771558245
"60","Keski-Suomen ELY-keskus","pork",32410.8818783651,-608.26689030766,59.0441127037902,-1.10810248730946
"61","Kainuun ELY-keskus","pork",528.328060519013,-121.761669970039,22.62264,-5.21375
"62","Kaakkois-Suomen ELY-keskus","pork",145987.366073239,6541.41392577362,87.3029006168466,3.41843716840391
"63","Hämeen ELY-keskus","pork",662197.120138731,5236.19123925312,83.223351866468,0.544314034724277
"64","Etelä-Savon ELY-keskus","pork",28663.2948136986,1132.09650874777,90.6614247219318,3.27979820742538
"65","Etelä-Pohjanmaan ELY-keskus","pork",2379615.85841042,175603.806533449,129.053862254747,8.81969897808638
"66","Ahvenanmaan valtionvirasto","pork",18317.0103078647,-5662.71524867111,32.6089403549738,-7.2768244763165
"67","Varsinais-Suomen ELY-keskus","poultry",1033984.55818105,133791.675262928,226.862694168997,27.4548086381173
"68","Satakunnan ELY-keskus","poultry",1681489.71900066,235758.957946872,331.065061501742,45.1745901286247
"69","Pohjois-Savon ELY-keskus","poultry",NA,NA,NA,NA
"70","Pohjanmaan ELY-keskus","poultry",72223.0610965238,5585.97814559079,118.067484750166,9.1317424034114
"71","Pirkanmaan ELY-keskus","poultry",459788.609757051,64701.1817370634,286.898484347852,39.3325035788055
"72","Koko maa","poultry",5084673.77173688,681369.831056453,258.493776819305,32.6500430812029
"73","Hämeen ELY-keskus","poultry",-793.880292124315,-1678.219614375,2.1897325421053,-6.48211515787949
"74","Etelä-Savon ELY-keskus","poultry",3815.56962992,-911.8112375,26.8475206158176,-6.41578410849986
"75","Etelä-Pohjanmaan ELY-keskus","poultry",1716110.49347135,227041.833017033,235.491738008001,29.9031990550003
"76","Varsinais-Suomen ELY-keskus","sheep",134823.34154834,-9030.127959025,62.4352915011778,-3.64129808986782
"77","Uudenmaan ELY-keskus","sheep",44173.3054156603,-208.607340800001,71.3566035306685,-0.336979792908489
"78","Satakunnan ELY-keskus","sheep",26320.1859188684,1382.47291585,153.577931607355,8.06671091054966
"79","Pohjois-Savon ELY-keskus","sheep",17390.1667338073,-5870.130411475,24.5853008932158,-8.29888089387706
"80","Pohjois-Pohjanmaan ELY-keskus","sheep",41505.698885893,-14312.541844125,24.7113626212436,-8.52129758167026
"81","Pohjois-Karjalan ELY-keskus","sheep",13139.8167796595,-3904.477383575,27.0544736856768,-8.03919738011654
"82","Pohjanmaan ELY-keskus","sheep",39392.0336680415,-17775.487477575,30.0080471039972,-8.74747793017711
"83","Pirkanmaan ELY-keskus","sheep",64105.45218622,-8972.2294433,50.9199925599399,-6.01884324930066
"84","Lapin ELY-keskus","sheep",63674.8653822331,-9439.1581604,33.8194197877794,-5.01338872651756
"85","Koko maa","sheep",660919.199580882,-105728.0820528,55.0285347621134,-6.38497014009385
"86","Keski-Suomen ELY-keskus","sheep",52321.4037619789,-1976.143267575,70.4899422857062,-2.38875248416478
"87","Kainuun ELY-keskus","sheep",16266.8522887093,-1638.16060325,46.8056980166579,-4.71358866101744
"88","Kaakkois-Suomen ELY-keskus","sheep",17987.0799483038,-4540.786402825,30.1594231192216,-7.6136592938045
"89","Hämeen ELY-keskus","sheep",56915.4776508431,-1155.165723625,79.115203851603,-1.60573495082708
"90","Etelä-Savon ELY-keskus","sheep",28272.6907707103,-4972.4511731,34.5370144520172,-6.0741872579463
"91","Etelä-Pohjanmaan ELY-keskus","sheep",26167.6217657608,-4594.104581175,41.4740256851061,-7.28136523468951
"92","Ahvenanmaan valtionvirasto","sheep",50449.4676816144,991.879568525001,86.9383716445473,1.70928254583915
