"","region","sector","area_sums","harvest_kg_dm_sums","harvest_prot_kg_sums","harvest_E_MJ_sums","feed_use_required_dm_kg","feed_use_required_protein_kg","dm_selfsuff","dm_difference","protein_selfsuff","protein_difference"
"1","Ahvenanmaan valtionvirasto","dairy",1705.25,7069722.354,1106918.999278,80203831.3504,16275930.979776,2472207.56199052,43.4366695385022,-9206208.625776,44.7745171682411,-1365288.56271252
"2","Etelä-Pohjanmaan ELY-keskus","dairy",54290.09,284914073.63258,43481548.697963,3247347927.3897,321590667.061248,48847520.9167626,88.5952556509724,-36676593.428668,89.0148525081891,-5365972.21879955
"3","Etelä-Savon ELY-keskus","dairy",19672.58,81308973.3531,12509817.8786816,925049012.125635,98877847.70448,15018898.9565085,82.2317386965291,-17568874.35138,83.2938414121261,-2509081.07782685
"4","Hämeen ELY-keskus","dairy",21276.32,91931742.869995,13970558.5954228,1055639844.33127,121881442.067424,18512994.6249957,75.4271867075046,-29949699.197429,75.4635264494709,-4542436.02957295
"5","Kaakkois-Suomen ELY-keskus","dairy",17061.46,71222767.117735,10925862.9237971,811386329.038191,90395141.699616,13730431.3439692,78.7904811902491,-19172374.581881,79.5740690884855,-2804568.42017207
"6","Kainuun ELY-keskus","dairy",11889.75,51860138.2784,8158632.4722461,577613708.70729,65542484.574528,9955475.12447272,79.1244619654754,-13682346.296128,81.9512114714687,-1796842.65222663
"7","Keski-Suomen ELY-keskus","dairy",19923.92,79460788.08063,12228726.5305425,899435454.623228,95221508.90928,14463524.9855864,83.4483605551077,-15760720.82865,84.5487289075727,-2234798.4550439
"8","Koko maa","dairy",429747.85,1973364052.81551,302836916.55993,22430214335.8076,2373705592.52611,360550368.705422,83.1343220923806,-400341539.710602,83.9929571136716,-57713452.1454921
"9","Lapin ELY-keskus","dairy",16481.6,70426113.32438,11182938.7240707,779224958.540628,82016902.517472,12457831.5591704,85.867804272878,-11590789.193092,89.7663343010827,-1274892.83509972
"10","Pirkanmaan ELY-keskus","dairy",22311.22,93741626.57529,14337146.6691735,1067169146.24715,139494548.378016,21188310.3820664,67.200924814108,-45752921.802726,67.6653608081387,-6851163.71289284
"11","Pohjanmaan ELY-keskus","dairy",47725.56,244590320.171145,37386694.7803413,2790259355.91269,288840318.138528,43872956.9200743,84.6801172867561,-44249997.967383,85.2158081080575,-6486262.13973307
"12","Pohjois-Karjalan ELY-keskus","dairy",24924.64,108955775.1152,16891089.9136735,1226394785.0492,116940161.352768,17762446.3728638,93.1722462623582,-7984386.23756801,95.0943893600069,-871356.459190279
"13","Pohjois-Pohjanmaan ELY-keskus","dairy",76464.72,361945689.50105,55353949.9465522,4116148927.82033,398008147.880928,60454836.9090351,90.9392663009837,-36062458.379878,91.5624832961537,-5100886.96248289
"14","Pohjois-Savon ELY-keskus","dairy",58492.29,280495225.98206,43417367.9710466,3166418334.07359,333374524.664064,50637411.8859059,84.138170504993,-52879298.682004,85.741680615259,-7220043.91485925
"15","Satakunnan ELY-keskus","dairy",10041.62,47621670.32388,7296792.17512522,541582369.855878,56746378.101504,8619404.02871148,83.9201935297045,-9124707.777624,84.6554141193451,-1322611.85358626
"16","Uudenmaan ELY-keskus","dairy",12800.59,42961073.5826,6504097.16660015,496189763.877735,68446662.246144,10396600.7356623,62.7657685163753,-25485588.663544,62.5598436639956,-3892503.56906215
"17","Varsinais-Suomen ELY-keskus","dairy",13058.89,52118989.124,7969504.6564355,598805827.5694,80052926.250336,12159516.3976466,65.1056639216624,-27933937.126336,65.5412961816309,-4190011.74121106
"18","Ahvenanmaan valtionvirasto","beef",4176.1630903605,17424613.9702816,2729947.35568403,196072024.271197,25277830.8288902,3872934.06866336,68.9323941133701,-7853216.85860862,70.4878344759997,-1142986.71297933
"19","Etelä-Pohjanmaan ELY-keskus","beef",30900.7372681389,169725519.140212,26153762.7389512,1924322220.17634,195276012.916483,29316235.9432025,86.9157028583954,-25550493.7762708,89.2125537180888,-3162473.2042513
"20","Etelä-Savon ELY-keskus","beef",13098.6031384238,56821325.9025228,8822629.22886775,639085451.93337,71526094.4971354,10885851.943963,79.4413931055588,-14704768.5946126,81.0467501697059,-2063222.71509524
"21","Hämeen ELY-keskus","beef",14978.0381428583,71926356.9587058,11218118.2333486,809693894.000317,73795146.4894678,11279364.6096994,97.4675983182325,-1868789.53076205,99.4570050843275,-61246.3763508331
"22","Kaakkois-Suomen ELY-keskus","beef",10123.8594275328,46703727.6540152,7312305.19339318,525243359.725739,46916024.8294442,7124537.67611531,99.5474953894735,-212297.175428972,102.635504587299,187767.517277867
"23","Kainuun ELY-keskus","beef",3615.41073585092,16398617.881412,2601179.23119412,181465901.354485,17343520.8262917,2620490.9692711,94.5518389585158,-944902.944879722,99.2630488597963,-19311.7380769784
"24","Keski-Suomen ELY-keskus","beef",17582.6941929517,73763659.4624159,11501199.2385265,826142026.426171,88891612.9697089,13558688.0508674,82.9815738494383,-15127953.507293,84.8253104974322,-2057488.81234089
"25","Koko maa","beef",277731.831736175,1323696426.97523,205478966.971431,14934484830.7273,1526700588,231234002.18,86.7030796594695,-203004161.024771,88.8619169474393,-25755035.2085685
"26","Lapin ELY-keskus","beef",8098.67010342738,34825848.36228,5545466.98379432,384343484.568368,46322066.3117186,7018649.13170162,75.1819837395072,-11496217.9494386,79.010460271432,-1473182.1479073
"27","Pirkanmaan ELY-keskus","beef",21711.5165841279,97633261.9903756,15180062.0262171,1099277566.82464,105180319.209997,16204520.6524553,92.8246488731859,-7547057.21962115,93.6779455053923,-1024458.62623817
"28","Pohjanmaan ELY-keskus","beef",21378.7851631564,115409870.920333,17787311.3552934,1306395882.6326,166811049.790259,25098924.9897111,69.1859868188851,-51401178.8699267,70.8688175393368,-7311613.63441772
"29","Pohjois-Karjalan ELY-keskus","beef",17759.7377676144,82027958.5572634,12849964.7758703,917713868.591444,90874687.8262037,13812355.1278027,90.2649137173823,-8846729.26894037,93.0323949606886,-962390.351932367
"30","Pohjois-Pohjanmaan ELY-keskus","beef",39664.8214130217,192286609.47816,29809744.6853105,2167313459.69372,207318127.756389,31353191.5206853,92.7495398299702,-15031518.2782286,95.0772257607125,-1543446.83537477
"31","Pohjois-Savon ELY-keskus","beef",29012.234799825,142279782.087466,22162985.6110303,1597859406.73054,174543448.790113,26208902.8223748,81.5153952060132,-32263666.7026472,84.56281348836,-4045917.21134448
"32","Satakunnan ELY-keskus","beef",13326.4404776303,65644235.6609632,10121967.3204192,746117635.092332,75865810.220638,11468100.4129745,86.5267707153621,-10221574.5596748,88.2619348969744,-1346133.0925553
"33","Uudenmaan ELY-keskus","beef",9027.49346005264,33435645.6698422,5228399.96186927,376558569.081428,37672135.0398494,5736678.64137537,88.7543157149817,-4236489.37000722,91.1398439536044,-508278.679506104
"34","Varsinais-Suomen ELY-keskus","beef",18940.2943837091,78126511.9999614,12034454.5863281,891082498.665356,103103475.697411,15677184.3391372,75.7748577062985,-24976963.6974498,76.7641326783709,-3642729.75280914
"35","Ahvenanmaan valtionvirasto","pork",983.366909639495,2265086.09946845,296164.276056472,30520230.2818032,0,0,Inf,2265086.09946845,Inf,296164.276056472
"36","Etelä-Pohjanmaan ELY-keskus","pork",21865.0527318611,62917612.729218,8026705.58319996,820452609.45412,145760850.239154,18713029.280428,43.164960019091,-82843237.509936,42.8936729746644,-10686323.697228
"37","Etelä-Savon ELY-keskus","pork",477.67686157619,865425.669487255,108103.844112437,11074632.8834615,1440096.41678872,184882.061059547,60.0949810997429,-574670.747301464,58.4717865502478,-76778.2169471097
"38","Hämeen ELY-keskus","pork",11048.0818571417,26052784.0435442,3392445.87621394,337421419.002709,30796894.8641543,3953758.46390594,84.5954897676001,-4744110.8206101,85.8030632671101,-561312.587692005
"39","Kaakkois-Suomen ELY-keskus","pork",2311.3305724672,4576635.91925979,634763.546353798,59126078.6912261,7857987.12947074,1008821.93673917,58.2418352671449,-3281351.21021094,62.9212671966225,-374058.390385376
"40","Kainuun ELY-keskus","pork",31.3492641490798,48704.6679880157,6185.49283447799,589326.48265499,0,0,Inf,48704.6679880157,Inf,6185.49283447799
"41","Keski-Suomen ELY-keskus","pork",755.085807048276,1394218.99445414,172956.375823988,17771754.1618265,1257277.94071532,161411.509878268,110.89186800342,136941.053738824,107.152442818004,11544.8659457199
"42","Koko maa","pork",113938.158263825,284149471.779801,36927871.5673368,3697876294.60304,569874055.99596,73161413.9085482,49.8618017069048,-285724584.216159,50.4745187312765,-36233542.3412113
"43","Lapin ELY-keskus","pork",4.86989657261555,0,0,0,0,0,NA,0,NA,0
"44","Pirkanmaan ELY-keskus","pork",7141.59341587213,17770904.9633844,2327466.76357882,227487914.077744,41156608.5083137,5283756.3641784,43.1787399581154,-23385703.5449293,44.0494716856751,-2956289.60059958
"45","Pohjanmaan ELY-keskus","pork",11239.8948368436,33294276.1594123,4271679.4350208,432553941.465197,107927047.717016,13855860.4780707,30.8488714031255,-74632771.5576042,30.8294056639894,-9584181.0430499
"46","Pohjois-Karjalan ELY-keskus","pork",844.26223238562,1431186.62170329,180011.255306221,18799309.7527531,2665300.94064906,342175.930379696,53.6969990846426,-1234114.31894576,52.6078076580289,-162164.675073475
"47","Pohjois-Pohjanmaan ELY-keskus","pork",6753.69858697833,16932331.1790697,2114295.24265134,220434733.167943,35992788.3946615,4620816.23432123,47.0436771761232,-19060457.2155918,45.7558824120153,-2506520.9916699
"48","Pohjois-Savon ELY-keskus","pork",2414.51520017502,5044385.14203412,631642.126538197,65903862.9888072,8181928.63970606,1050410.10637618,61.6527638429188,-3137543.49767195,60.132906443304,-418767.97983798
"49","Satakunnan ELY-keskus","pork",11029.2995223697,30234834.0727168,3866390.78693317,391594500.340876,51856300.3711359,6657401.25436693,58.3050349838417,-21621466.2984191,58.0765773190704,-2791010.46743376
"50","Uudenmaan ELY-keskus","pork",4784.48653994736,8711075.36584786,1173175.90970034,114195001.509236,16190660.8283952,2078584.95373851,53.8030872129095,-7479585.46254736,56.4410854408566,-905409.044038169
"51","Varsinais-Suomen ELY-keskus","pork",29382.1756162909,73068047.3515886,9635951.02244713,958060553.139123,118572214.771185,15222505.3793104,61.6232457937905,-45504167.4195966,63.3006905390473,-5586554.3568633
"52","Ahvenanmaan valtionvirasto","sheep",584.63,2594304.1205,411708.401201,28650020.5948,2518464,383339.28,103.011364089381,75840.1204999997,107.40052550863,28369.1212009999
"53","Etelä-Pohjanmaan ELY-keskus","sheep",675.15,4139222.162,660646.501574,46005943.1852,2272192,345853.84,182.168679495395,1867030.162,191.018986972647,314792.661574
"54","Etelä-Savon ELY-keskus","sheep",874.16,4105939.09174,649101.60469156,45437962.884544,1930240,293804.8,212.716506327711,2175699.09174,220.92954393242,355296.80469156
"55","Hämeen ELY-keskus","sheep",821.94,4072812.055125,644825.8066965,45028403.343825,3240640,493262.8,125.67925024455,832172.055125,130.726624163935,151563.0066965
"56","Kaakkois-Suomen ELY-keskus","sheep",645.35,3217419.81066,506927.78192904,35686169.523396,1348672,205283.44,238.562067771853,1868747.81066,246.940416591343,301644.34192904
"57","Kainuun ELY-keskus","sheep",392.6,1788701.495,286192.2392,19675716.445,1006720,153234.4,177.67616566672,781981.495,186.767618237158,132957.8392
"58","Keski-Suomen ELY-keskus","sheep",921.18,4102425.0925,653505.87229,45310654.162,2894528,440580.56,141.730364760679,1207897.0925,148.328349369296,212925.31229
"59","Koko maa","sheep",17886.65,91635803.61616,14511513.6723508,1017136761.78687,46369856,7058027.12,197.619340496033,45265947.61616,205.602974111989,7453486.55235079
"60","Lapin ELY-keskus","sheep",2008.22,8775993.77396,1396027.32038024,96908440.475376,4359680,663593.6,201.299035111751,4416313.77396,210.373837297442,732433.72038024
"61","Pirkanmaan ELY-keskus","sheep",1600.45,7739140.13835,1226971.68546365,85794751.520085,3811392,580137.84,203.052851513305,3927748.13835,211.496579065356,646833.84546365
"62","Pohjanmaan ELY-keskus","sheep",2159.01,12286802.11157,1933952.55341358,136780804.899192,5202496,791879.92,236.171293770721,7084306.11157,244.22295660857,1142072.63341358
"63","Pohjois-Karjalan ELY-keskus","sheep",524.17,2547393.00816,403758.32073129,28176622.146771,945152,143863.04,269.522045994718,1602241.00816,280.654656492237,259895.28073129
"64","Pohjois-Pohjanmaan ELY-keskus","sheep",1861.05,9755997.81334,1544487.94428071,107986806.662629,3983616,606352.32,244.903068301262,5772381.81334,254.717907945122,938135.62428071
"65","Pohjois-Savon ELY-keskus","sheep",800.76,4065281.49564,644102.50642116,44981582.542884,1693120,257712.4,240.105928442166,2372161.49564,249.930739235349,386390.10642116
"66","Satakunnan ELY-keskus","sheep",201.31,992416.369,155791.630813,11016412.9999,1346176,204903.52,73.7211456005753,-353759.631,76.0317005842555,-49111.889187
"67","Uudenmaan ELY-keskus","sheep",696.52,2752159.02225,437826.942762,30357699.27135,2243072,341421.44,122.695973301347,509087.02225,128.23651108788,96405.502762
"68","Varsinais-Suomen ELY-keskus","sheep",2553.57,12228944.14775,1934352.3225245,135387672.0966,7573696,1152803.92,161.466002170539,4655248.14775,167.795432420502,781548.4025245
"69","Etelä-Pohjanmaan ELY-keskus","poultry",8371.63,25227108.35518,3451432.14641392,330933066.764158,111107004.36184,17816723.1944986,22.7052367220912,-85879896.00666,19.3718682652017,-14365291.0480847
"70","Etelä-Savon ELY-keskus","poultry",146.82,364724.495,47532.689813,4716336.1265,0,0,Inf,364724.495,Inf,47532.689813
"71","Hämeen ELY-keskus","poultry",296.87,671287.84575,105853.609206,8556848.443275,0,0,Inf,671287.84575,Inf,105853.609206
"72","Koko maa","poultry",23066.21,61332581.33183,8350792.19082877,803236621.091223,319301858.244,51202107.8823745,19.2083383633056,-257969276.91217,16.30946954374,-42851315.6915457
"73","Pirkanmaan ELY-keskus","poultry",2004.88,4571187.256,641272.154852,60222091.2718,29063761.6836229,4660561.22997977,15.7281335628891,-24492574.4276229,13.7595479000881,-4019289.07512777
"74","Pohjanmaan ELY-keskus","poultry",636.04,2069060.63775,264421.44259275,27289172.0784,4097485.26942492,657058.132906989,50.4958651880741,-2028424.63167492,40.2432340990718,-392636.69031424
"75","Pohjois-Savon ELY-keskus","poultry",0,0,0,0,0,0,NA,0,NA,0
"76","Satakunnan ELY-keskus","poultry",5578.74,16385949.6175,2163835.0420575,216856621.57535,105478207.586503,16914109.4066436,15.5349147396744,-89092257.9690028,12.79307701065,-14750274.3645861
"77","Varsinais-Suomen ELY-keskus","poultry",5464.45,14735862.057,2014754.014084,192126642.0826,65457914.0731844,10496597.7854386,22.5119640086984,-50722052.0161844,19.1943528300091,-8481843.77135456
"78","Ahvenanmaan valtionvirasto","eggs",0,0,0,0,0,0,NA,0,NA,0
"79","Etelä-Pohjanmaan ELY-keskus","eggs",70.93,337819.207,49654.005049,3862580.2127,4279853.47058,576127.66385372,7.89324235799641,-3942034.26358,8.61857677808147,-526473.65880472
"80","Etelä-Savon ELY-keskus","eggs",481.45,1813467.65425,268739.0091985,21130353.3598,5101897.88736,686786.24893824,35.544961782612,-3288430.23311,39.1299344758236,-418047.23973974
"81","Hämeen ELY-keskus","eggs",757.39,2032062.094,256128.60947,26022936.2219,5324514.08954,716753.47874636,38.1642730177385,-3292451.99554,35.7345471023011,-460624.86927636
"82","Kaakkois-Suomen ELY-keskus","eggs",0,0,0,0,650973.44266,87630.05820844,0,-650973.44266,0,-87630.05820844
"83","Kainuun ELY-keskus","eggs",0,0,0,0,0,0,NA,0,NA,0
"84","Keski-Suomen ELY-keskus","eggs",421.08,1274296.031,176418.06067,15269389.6681,2233160.0163,300614.3252442,57.0624595505391,-958863.9853,58.6858462339375,-124196.2645742
"85","Koko maa","eggs",12596.48,36539008.6068,4859588.8303492,460632383.83473,163080504.04574,21952898.7293172,22.4055038464633,-126541495.43894,22.136433508252,-17093309.898968
"86","Pirkanmaan ELY-keskus","eggs",217.79,643977.9585,83249.3878415,7954715.55385,3085275.81516,415320.93562344,20.8726219981925,-2441297.85666,20.0445921938739,-332071.54778194
"87","Pohjanmaan ELY-keskus","eggs",1488.28,5044868.06975,669615.34517325,62963954.21285,12418960.94802,1671764.46755868,40.622303998422,-7374092.87827,40.054407075125,-1002149.12238543
"88","Pohjois-Karjalan ELY-keskus","eggs",0,0,0,0,664769.48896,89487.19747264,0,-664769.48896,0,-89487.19747264
"89","Pohjois-Pohjanmaan ELY-keskus","eggs",0,0,0,0,499536.84168,67244.59040112,0,-499536.84168,0,-67244.59040112
"90","Pohjois-Savon ELY-keskus","eggs",0,0,0,0,1671560.96054,225015.29966036,0,-1671560.96054,0,-225015.29966036
"91","Satakunnan ELY-keskus","eggs",444.21,1280791.679,157197.463151,16486518.7289,18188387.5336,2448409.3418224,7.04180992753729,-16907595.8546,6.42039141355321,-2291211.8786714
"92","Varsinais-Suomen ELY-keskus","eggs",7336.4,20307405.03285,2655831.6723199,258655944.33281,106223518.24046,14299159.4994736,19.1176166721194,-85916113.20761,18.5733411283206,-11643327.8271537
